Time,r-biceps,l-biceps,r-lats,l-lats,r-quat,l-quat,r-hamstring,l-hamstring,L1,L2,L3,L4,L5,L6,L7,L8,L9,L10,L11,L12,L13,L14,L15,L16,L17,L18,R1,R2,R3,R4,R5,R6,R7,R8,R9,R10,R11,R12,R13,R14,R15,R16,R17,R18
0,3.1974423109204555e-17,0.0068322962354062,7.105427357601019e-18,0.0038605639069767,0.0006018329321312,10.1713064883626,0.3226970889568101,0.0365757946957757,3644.624996951731,1246.4403979214587,3582.0961491413414,265.70664980191367,0.0,510.0766810091396,1991.585981235155,0.0,3887.0970962736847,363.1321218150524,0.0,1025.2323405837756,2227.700730828528,0.0,1166.6191125118355,3900.1032618115887,1335.3002957559888,0.0,132.95046905554352,0.0,4333.861935802456,0.0,0.0,0.0,0.0,0.0,3650.2588435610455,0.0,0.0,0.0,0.0,0.0,0.0,118.6905292034864,0.0,0.0
1,3.1974423109204555e-17,0.0215243689634556,7.105427357601019e-18,5.684341886080815e-17,0.0234956178131564,9.519041687846112,0.3833214051229232,0.0336996258171425,2743.393500203786,629.302798930586,4328.789730817735,961.9871319637052,0.0,85.4854142521729,856.7024428675908,0.0,4407.428885450302,945.3867704012408,0.0,88.36290525291426,587.0928270517217,0.0,172.36709955069674,1647.2668094831429,182.4238145640516,0.0,386.5697771824008,0.0,5803.832343715189,137.76105092997605,0.0,0.0,0.0,0.0,5006.830926603263,6.302308394507627,0.0,0.0,0.0,0.0,0.0,156.9515764666176,0.0,0.0
2,3.1974423109204555e-17,0.0388509111017181,7.105427357601019e-18,5.684341886080815e-17,0.0788252887235459,8.774012516104053,0.426492882271011,0.0334221519315752,2182.190584811028,297.51564607596856,4573.724232215978,1099.7821215436877,0.0,2.726929448391448,457.62585605605807,0.0,4516.898005600064,1063.8677901842764,0.0,0.0,29.655357751257004,0.0,0.0,1016.6006182470442,0.0,0.0,416.72664521711937,8.891583000039448,6228.272105686126,332.32997326621023,0.0,0.0,0.0,0.0,5537.845469898449,91.80075477995534,0.0,0.0,0.0,0.0,0.0,366.3991432294604,0.0,0.0
3,3.1974423109204555e-17,0.0619484048372098,7.105427357601019e-18,5.684341886080815e-17,0.1738126097082684,7.934006300655677,0.4687821108476146,0.0453683544710082,677.587747468443,48.930795791638005,4641.893260596013,1078.9636238948272,0.0,0.0,109.98598180258185,0.0,4515.74617140487,1064.3464503793252,0.0,0.0,0.0,0.0,0.0,306.5373352574359,0.0,0.0,524.4610800598929,158.71334454506365,6649.081281156429,730.4561198912943,0.0,0.0,0.0,0.0,6286.221631276813,716.908636878969,0.0,0.0,0.0,0.0,49.131508553589605,918.9022318954648,0.0,0.0
4,3.1974423109204555e-17,0.0879462578272431,7.105427357601019e-18,5.684341886080815e-17,0.2970313220730901,7.052003888369601,0.5008455489991698,0.0643058180730892,0.0,0.0,4520.195412892379,841.8849875166201,0.0,0.0,0.0,0.0,4361.686023076009,892.5888078283361,0.0,0.0,0.0,0.0,0.0,0.0,0.0,0.0,692.7827784999989,332.87504494997535,7118.288875962269,1125.5401701563949,0.0,0.0,0.0,0.0,6880.127783568044,1148.8215625635405,0.0,0.0,0.0,0.0,134.7925065470745,1231.4086253943176,0.0,0.0
5,3.1974423109204555e-17,0.1118224972500008,7.105427357601019e-18,5.684341886080815e-17,0.458227740500831,6.189006616990863,0.4794466389817277,0.081706515705149,0.0,0.0,4336.621115960324,541.0055853943173,0.0,0.0,0.0,0.0,4133.357515508838,649.2489168124756,0.0,0.0,0.0,0.0,0.0,0.0,0.0,0.0,1002.1115498969432,673.0857582090168,7276.852635119555,1255.012222421416,0.0,0.0,0.0,0.0,7005.407061761361,1291.6165221115186,0.0,0.0,0.0,0.0,334.2776609728424,1619.441576349166,0.0,0.0
6,3.1974423109204555e-17,0.1320670973145932,7.105427357601019e-18,5.684341886080815e-17,0.6852412317339645,5.261331279732942,0.4424128260996671,0.0965843088177865,0.0,0.0,4172.796215621994,327.43572272207655,0.0,0.0,0.0,0.0,3932.085933527908,435.1011900267647,0.0,0.0,0.0,0.0,0.0,0.0,0.0,0.0,1392.021366993568,1131.6171511080263,7395.2097108316675,1354.5872095998843,0.0,100.3470345419907,1.9481848796159629,0.0,7077.070639646043,1424.3629278990609,0.0,32.1816731006776,0.9874361718601457,0.0,597.5183903604203,2122.6251721410727,0.0,0.0
7,3.1974423109204555e-17,0.1472127865327347,7.105427357601019e-18,5.684341886080815e-17,0.944043994785227,4.331081695816296,0.4041497523588022,0.1088685062192689,0.0,0.0,3971.868303851368,120.4071197810725,0.0,0.0,0.0,0.0,3701.256559901029,159.98943129110577,0.0,0.0,0.0,0.0,0.0,0.0,0.0,0.0,1679.1045120231463,1695.0560450007715,7195.333950058661,1177.6826190923791,0.0,267.34089642401483,53.89718155975509,0.0,6751.497799552635,1234.0616420355516,0.0,124.37133442018504,30.50165254089983,0.0,696.6911349557865,2355.609681410638,0.0,0.0
8,3.1974423109204555e-17,0.1574246388277542,7.105427357601019e-18,5.684341886080815e-17,1.2250434328389994,3.434469903938405,0.3542617376634286,0.1192097195259391,0.0,0.0,3841.38892771892,0.0,0.0,0.0,0.0,0.0,3551.40454999874,0.0,0.0,0.0,0.0,0.0,0.0,0.0,0.0,0.0,1934.346256300546,2522.743654619891,6907.759596741827,987.1178321353026,0.0,344.9277487840196,146.0224735635815,0.0,6268.928525511611,903.1946226793212,0.0,181.1415732579963,47.538052664444905,0.0,664.620735575727,2400.938283331562,0.0,0.0
9,3.1974423109204555e-17,0.1613897069340041,7.105427357601019e-18,5.684341886080815e-17,1.4868358040607002,2.7203668279583293,0.2876318415731351,0.1262959419161353,36.71604678385128,0.0,3599.62966483401,0.0,0.0,0.0,0.0,0.0,3274.4753921647657,0.0,0.0,0.0,0.0,0.0,0.0,0.0,0.0,0.0,2122.1362815207644,3071.121657174263,6781.8425882307565,902.8536899730982,0.0,447.10823952714753,239.226517896848,0.0,5987.359410276634,762.0742102650635,0.0,300.0435494711265,112.35079387143118,0.0,667.8330680217142,2505.4926878267493,0.0,0.0
10,3.1974423109204555e-17,0.1575083049027057,7.105427357601019e-18,5.684341886080815e-17,1.8088029090042728,2.0634258664798217,0.2126536562883248,0.1295079921072613,53.78404968701477,0.0,3531.729759813544,0.0,0.0,0.0,0.0,0.0,3185.471776408433,0.0,0.0,0.0,0.0,0.0,0.0,0.0,0.0,0.0,2195.835162695677,3164.22363142287,6784.298558590899,893.3384343733622,0.0,471.013714687682,260.11714988590603,0.0,5948.568798777355,760.2994476199776,0.0,331.4420591973385,143.37672172342064,0.0,664.570766461265,2515.1942343635965,0.0,0.0
11,3.1974423109204555e-17,0.1467032918447845,7.105427357601019e-18,5.684341886080815e-17,2.2155223618142204,1.4688797235548117,0.1512607597475081,0.1312323020970096,53.92727131538511,0.0,3532.959078790389,0.0,0.0,0.0,0.0,0.0,3184.8272790807664,0.0,0.0,0.0,0.0,0.0,0.0,0.0,0.0,0.0,2198.0336146911613,3167.004518040394,6784.371362918654,893.0531846301914,0.0,471.728629315964,260.7413574828867,0.0,5947.412284128265,760.244545995769,0.0,332.381354376734,144.30408176711856,0.0,664.4740918621151,2515.4854516746163,0.0,0.0
12,3.1974423109204555e-17,0.134279741742288,7.105427357601019e-18,5.684341886080815e-17,2.526344063376364,1.1314979587759788,0.115409168893213,0.1333878278471758,60.09242273876728,0.0,3648.175925040526,0.0,0.0,0.0,0.0,0.0,3152.785541879974,0.0,0.0,0.0,0.0,0.0,0.0,0.0,0.0,0.0,2283.3228379082784,3222.9067793485847,6937.014910409261,987.2345188143923,0.0,496.4784417886817,255.61581390524745,0.0,5998.58926177119,854.9933091050624,0.0,382.5495746153925,160.75421546478032,0.0,659.7048218214833,2489.8223624584534,0.0,0.0
13,3.1974423109204555e-17,0.1153093455953077,7.105427357601019e-18,5.684341886080815e-17,2.936911080537585,0.8119262180799366,0.0763371096279069,0.1346870512450166,47.36234788683214,0.0,3786.096033590684,0.0,0.0,0.0,0.0,0.0,3192.8573217363173,0.0,0.0,0.0,0.0,0.0,0.0,0.0,0.0,0.0,2065.13894325126,2740.405251962621,7457.220582430082,1362.252056012757,0.0,406.0500618894688,84.81887377893752,0.0,6465.75241731344,1225.0012216200544,0.0,338.9203309692671,10.130900686917348,0.0,690.1007345889648,2325.9741775948974,0.0,0.0
14,3.1974423109204555e-17,0.0835168414485053,7.105427357601019e-18,5.684341886080815e-17,3.5401265732132257,0.4915227256685304,0.0317597232636564,0.1250122538654756,31.515275861953672,0.0,3876.173308313393,0.0,0.0,0.0,0.0,0.0,3219.8662519533964,0.0,0.0,0.0,0.0,0.0,0.0,0.0,0.0,0.0,2110.342154840479,2592.763569784555,7689.580404717859,1512.0683045066974,0.0,377.79675770975007,73.65539789551764,0.0,6620.418576008614,1289.554339757962,0.0,302.6260118596035,12.346579254646995,0.0,665.3227097335665,2174.4738839557226,0.0,0.0
15,3.1974423109204555e-17,0.0547984233589859,7.105427357601019e-18,5.684341886080815e-17,4.204854414612143,0.2709321521816901,0.0348572174047718,0.1097449170099663,16.34089826238975,0.0,3850.413592131892,0.0,0.0,0.0,0.0,0.0,3237.697362717762,0.0,0.0,0.0,0.0,0.0,0.0,0.0,0.0,0.0,2194.574074047945,2503.25644586756,7772.414532956769,1546.3016213846945,0.0,408.9023570399722,116.37476009135942,0.0,6695.315865341591,1320.2014715176522,0.0,316.4286526981098,43.38897541720014,0.0,676.4769936030772,2178.6973984615533,0.0,0.0
16,3.1974423109204555e-17,0.0347070541803086,7.105427357601019e-18,5.684341886080815e-17,4.763147246668381,0.1474848325152448,0.0532423673820595,0.0932022514883717,2.592677817053497,0.0,3894.7480318333896,0.0,0.0,0.0,0.0,0.0,3321.33619863222,0.0,0.0,0.0,0.0,0.0,0.0,0.0,0.0,0.0,2289.3809115077224,2707.9288292880774,7901.623360367684,1607.5991432202793,0.0,442.9010107505173,127.70844034838552,0.0,6803.393068671887,1328.2221956463688,0.0,318.5891978853112,77.38755116102975,0.0,664.8135081799505,2143.2580676544912,0.0,0.0
17,3.1974423109204555e-17,0.0206976332783035,7.105427357601019e-18,5.684341886080815e-17,5.314014453691543,0.0567895595887996,0.0774556865581394,0.080610974496294,0.4568585737182076,0.0,3127.464751125302,0.0,0.0,0.0,0.0,0.0,2668.253145976285,0.0,0.0,0.0,0.0,0.0,0.0,0.0,0.0,0.0,2392.9883015311766,2960.188442652621,8019.502119511497,1667.996742803594,0.0,486.5420311699005,147.5917495161111,0.0,6906.116731711008,1331.6840233569126,0.0,327.2839754433696,110.72477684886805,0.0,655.1420728701348,2114.9314596679424,0.0,0.0
18,3.1974423109204555e-17,0.0109252622352164,7.105427357601019e-18,5.684341886080815e-17,5.834964815311629,0.012148704608631,0.1000315288186046,0.0792005183043185,0.1188904085984116,0.0,2880.4844187033227,0.0,0.0,0.0,0.0,0.0,2476.4560429730404,0.0,0.0,0.0,0.0,0.0,0.0,0.0,0.0,0.0,2545.670775398379,3273.2125202876177,7916.079409776948,1631.4062803725692,0.0,615.6293710264114,285.4466134665046,0.0,6876.8863655360665,1313.741989876136,0.0,420.6100848819728,143.59870752037452,0.0,706.4879714335989,2254.547929534444,0.0,0.0
19,3.1974423109204555e-17,0.0056711356146184,7.105427357601019e-18,5.684341886080815e-17,6.300695263261081,0.000237830088127,0.1201498240664453,0.0819046384802854,0.0,0.0,3109.6421877832745,0.0,0.0,0.0,0.0,0.0,2681.967516553651,0.0,0.0,0.0,0.0,0.0,0.0,0.0,0.0,0.0,2748.7068142680314,3463.1731446014096,7751.509745365528,1598.4001039579562,0.0,753.6009714011273,518.3695980075709,0.0,6839.104186523849,1380.2253259891386,0.0,553.2127788708336,355.6896160616724,0.0,819.1603219613493,2530.159238666785,0.0,0.0
20,3.1974423109204555e-17,0.0035497108106317,7.105427357601019e-18,5.684341886080815e-17,6.659368971206813,8.923355413124675e-07,0.1402060608089703,0.0889573426445179,0.0,0.0,2981.187511821862,0.0,0.0,0.0,0.0,0.0,2466.0531279909187,0.0,0.0,0.0,0.0,0.0,0.0,0.0,0.0,0.0,2711.091778761354,3192.178919646309,7767.454110619324,1657.1745097483226,0.0,756.1645785465813,609.5880272570755,0.0,6956.632001527229,1560.7404732318355,0.0,630.521985056793,547.5997948525711,0.0,964.8725534758336,2778.6893686649314,2.201178565142633,0.0
21,3.1974423109204555e-17,0.0013652733887048,7.105427357601019e-18,0.0001897880040342,6.792547641975324,0.0020353487441791,0.1654468651452302,0.0964957933554814,0.0,0.0,3111.855088328294,0.0,0.0,0.0,0.0,0.0,2513.241278319668,0.0,0.0,0.0,0.0,0.0,0.0,0.0,0.0,0.0,2572.3238594984914,2814.133423400999,7840.380158270661,1714.0127202210042,0.0,703.9915004505104,634.1621008889935,0.0,7077.428846684343,1739.6432627877136,0.0,677.6240912715376,667.0238610065564,0.0,1106.0026886604676,2970.1140431748427,48.85308530789236,0.0
22,3.1974423109204555e-17,1.3551100632835584e-05,7.105427357601019e-18,0.0015963196544851,6.768521997951348,0.0191122066239348,0.2161927715237382,0.1024206534013501,0.0,0.0,3407.435974063466,0.0,0.0,0.0,0.0,0.0,2783.6226953594974,0.0,0.0,0.0,0.0,0.0,0.0,0.0,0.0,0.0,2360.653848859851,2042.0293543179669,8168.262644965255,1924.8255508704112,0.0,543.5778438177317,462.8261712551484,0.0,7489.838917004033,1935.0126225200963,0.0,398.0411615313756,484.37432790591697,0.0,959.5864140135662,2648.0959407406226,89.3336672509172,0.0
23,3.1974423109204555e-17,5.346834086594759e-16,7.105427357601019e-18,0.0035917192225914,6.535506722374588,0.1112028946239549,0.2813871183264118,0.1068745223758304,33.743577021171944,0.0,3702.553987513181,0.0,0.0,0.0,0.0,0.0,3063.6833606779887,0.0,0.0,0.0,0.0,0.0,0.0,0.0,0.0,0.0,2118.167268656817,1423.6516442323673,8288.710363760647,1938.9221891887173,0.0,344.03398235876074,181.88061700851375,0.0,7731.460459319038,1885.4347275224943,0.0,16.00894264106436,108.23342869568256,0.0,558.46764260057,2004.8179131864572,0.0,0.0
24,3.1974423109204555e-17,0.0072191992131892,7.105427357601019e-18,0.0066464674345891,6.077214505773715,0.3546824616704001,0.3662654847715154,0.1013839997176704,119.8884203152735,0.0,4130.469699075071,50.64041471135207,0.0,0.0,0.0,0.0,3496.3675628729625,0.0,0.0,0.0,0.0,0.0,0.0,0.0,0.0,0.0,2029.9564673836512,1288.6084339868398,8204.78275929495,1832.8176516223623,0.0,276.59627713852905,103.69411584473212,0.0,7694.550400149264,1792.048838581591,0.0,0.0,0.0,0.0,473.6182464622357,1913.5423770797397,0.0,0.0
25,3.1974423109204555e-17,0.0268870621259956,7.105427357601019e-18,0.0277003281968282,5.441901398704952,0.7228607201416597,0.4511702045792005,0.0970521289540523,271.5954590295015,0.0,4884.980265250801,457.0202771328868,0.0,0.0,0.0,0.0,4320.973589561898,0.0,0.0,0.0,0.0,0.0,0.0,0.0,0.0,0.0,1674.133844013057,861.4097041330704,7807.713964173237,1389.281114855739,0.0,158.48617988489815,23.046585720807176,0.0,7268.88106956051,1346.4078118668149,0.0,0.0,0.0,0.0,292.73670982068046,1465.972108067405,0.0,0.0
26,3.1974423109204555e-17,0.0518124339867114,7.105427357601019e-18,0.0646703028239203,4.812089186335221,1.245748480950492,0.5668097212076408,0.1027241787916941,732.7869900344045,0.0,5494.324518173447,1055.3478326474292,0.0,0.0,0.0,0.0,5067.124125304274,140.25283623184333,0.0,0.0,0.0,0.0,0.0,37.98514314612424,0.0,0.0,337.2414835917397,10.130249670522772,6201.041113483485,78.35485104375132,0.0,1.8585212573827288,0.2617635573778495,0.0,5353.00962338063,61.19229999511886,0.0,0.0,0.0,0.0,3.4378280535624244,86.69063267763298,0.0,0.0
27,3.1974423109204555e-17,0.0792175687774092,7.105427357601019e-18,0.1050003097268876,4.087458731131177,2.151693000934121,0.6885210673925997,0.1184315834462134,1218.271596427389,18.80367960757223,6122.255891192295,1680.6246401870085,0.0,0.0,0.0,0.0,5834.529159488552,1424.4856964314326,0.0,0.0,0.0,0.0,33.657006356410804,596.4816942073905,0.0,0.0,16.424293521488632,0.0,5775.7644200519135,0.0,0.0,0.0,0.0,0.0,4922.331813331177,0.0,0.0,0.0,0.0,0.0,0.0,0.0,0.0,0.0
28,3.1974423109204555e-17,0.1080209247308977,7.105427357601019e-18,0.1458935673488375,3.3393309629289094,3.275930018862452,0.7892127127548177,0.1301873634418601,2956.264382452603,789.3279383585598,6525.555052242869,2342.791018823328,0.0,0.0,133.5857446977784,0.0,6117.8025528600765,1617.4035405235252,0.0,0.0,2.6890148677300982,0.0,54.25837899632614,651.5534840159049,0.0,0.0,0.0,0.0,5576.439034201562,0.0,0.0,0.0,0.0,0.0,4739.145376609221,0.0,0.0,0.0,0.0,0.0,0.0,0.0,0.0,0.0
29,3.1974423109204555e-17,0.136262079871382,7.105427357601019e-18,0.1854934970232563,2.6486596887800267,4.4415915667539085,0.8682599232358799,0.1397050487192687,2324.479784655375,746.0425049599255,3964.516409812249,1485.6810943337998,0.0,0.0,163.0216622899399,0.0,3626.39086709408,805.3339718663802,0.0,0.0,3.2647643099319628,0.0,0.0,225.23232712603723,0.0,0.0,0.0,0.0,5624.413062986553,0.0,0.0,0.0,0.0,0.0,4764.0,0.0,0.0,0.0,0.0,0.0,0.0,0.0,0.0,0.0
30,3.1974423109204555e-17,0.157598211516789,7.105427357601019e-18,0.2253651932576525,2.0326194417128782,5.819714145148223,0.9470234085948952,0.1547055546807092,975.1244848763814,338.09055593020673,1739.6590740535646,618.0506230911765,0.0,0.0,89.71708184169331,0.0,1578.2201017693828,342.3654298165412,0.0,0.0,7.626684339171163,0.0,0.0,125.51875124936252,0.0,0.0,0.0,0.0,5612.018722051272,0.0,0.0,0.0,0.0,0.0,4725.374592482074,0.0,0.0,0.0,0.0,0.0,0.0,0.0,0.0,0.0
31,3.1974423109204555e-17,0.1659233429103,7.105427357601019e-18,0.2454107598410069,1.6812967000963517,6.954721145765063,1.0145615428832455,0.1711438882966297,1299.5453601864258,470.2252597687692,2393.871636515102,821.8270249580655,0.0,0.0,138.60043229125623,0.0,2162.840353938466,463.2407974873071,0.0,0.0,16.379996397572867,0.0,0.0,201.75222506163527,0.0,0.0,0.0,0.0,5609.461512569093,0.0,0.0,0.0,0.0,0.0,4711.035954474327,0.0,0.0,0.0,0.0,0.0,0.0,0.0,0.0,0.0
32,3.1974423109204555e-17,0.168345828000001,7.105427357601019e-18,0.2474345787028659,1.3283748547493817,8.392173728776363,1.0224435366515772,0.1885478329024078,2286.0720716928936,848.6067374099645,4431.098080113349,1456.0602075641657,0.0,0.0,288.10520401066304,0.0,4006.746845842766,850.8734440727369,0.0,0.0,52.37924155456622,0.0,0.0,500.9173615950048,0.0,0.0,0.0,0.0,5629.734948348066,0.0,0.0,0.0,0.0,0.0,4769.03760814149,0.0,0.0,0.0,0.0,0.0,0.0,0.0,0.0,0.0
33,3.1974423109204555e-17,0.1683243334997637,7.105427357601019e-18,0.2447690136877075,1.0031990813365008,10.19160622647935,0.9913111452852394,0.2004321093156138,3462.495975606525,1374.8806457350922,6232.454239120912,1866.482991658936,0.0,0.0,493.156975914214,0.0,5651.739438411314,1066.3485082422585,0.0,0.0,170.2479878032625,0.0,0.0,923.7259147320228,0.0,0.0,0.0,0.0,5663.7130838537405,0.0,0.0,0.0,0.0,0.0,4851.5907535844135,0.0,0.0,0.0,0.0,0.0,0.0,0.4356613956387413,0.0,0.0
34,3.1974423109204555e-17,0.1603934334364248,7.105427357601019e-18,0.2419742374711561,0.8309648962823957,11.614081229929315,0.9453428880996688,0.2144062545629711,2952.212598152337,1245.2656595024664,4726.901259637525,1261.4052466597109,0.0,0.0,448.72506619650017,0.0,4301.608290302435,675.4936896266339,0.0,0.0,216.29273951962796,0.0,0.0,859.5072548317734,0.0,0.0,0.0,0.0,5698.144032287137,0.0,0.0,0.0,0.0,0.0,4886.393419192034,0.0,0.0,0.0,0.0,0.0,0.0,13.166257936598605,0.0,0.0
35,3.1974423109204555e-17,0.1431412256188709,7.105427357601019e-18,0.2234853446878401,0.7316359650179445,12.895270689083311,0.8994902616502349,0.2344191129400656,1417.9699072925955,598.0695363574486,2270.294987890524,605.8472026846629,0.0,0.0,215.5291978197667,0.0,2066.0525377134986,324.4305707546921,0.0,0.0,103.87576574627612,0.0,0.0,412.8319964542188,0.0,0.0,0.0,0.0,5720.512671418998,0.0,0.0,0.0,0.0,0.0,4945.306229916473,0.0,0.0,0.0,0.0,0.0,0.0,41.17370634388801,0.0,0.0
36,3.1974423109204555e-17,0.1156944613156152,7.105427357601019e-18,0.1827662450232557,0.6232222997116574,13.959765179740485,0.8045570727406778,0.2445064572276054,1222.9465212379073,512.387160584151,1871.4831462674235,496.8121781001539,0.0,0.0,191.1087927936843,0.0,1713.18856487321,262.6427252891763,0.0,0.0,87.94093639004784,0.0,0.0,353.8519011516441,0.0,0.0,0.0,0.0,5681.133504635114,0.0,0.0,0.0,0.0,0.0,4976.448278558463,0.0,0.0,0.0,0.0,0.0,0.0,91.16956998594598,0.0,0.0
37,3.1974423109204555e-17,0.0866114611295685,7.105427357601019e-18,0.1399959157873755,0.5371059885917582,14.5234933592433,0.6854996782606996,0.2347798784686337,2781.659247326233,1156.944902473171,4044.461141986723,1067.0422781962225,0.0,0.0,447.3875622409934,0.0,3728.300224862652,555.4198582212301,0.0,0.0,195.871906189144,0.0,0.0,799.5917956719674,0.0,0.0,0.0,0.0,5612.213988185461,0.0,0.0,0.0,0.0,0.0,4927.15249732757,0.0,0.0,0.0,0.0,0.0,0.0,108.94342841074028,0.0,0.0
38,3.1974423109204555e-17,0.059206326338871,7.105427357601019e-18,0.1012139146046512,0.4635407965375038,14.701174680273123,0.589804640898848,0.2182435844651164,3881.768737379434,1618.4542747514329,5634.960154677294,1491.229499592417,0.0,0.0,643.5539004533687,0.0,5212.592837277857,801.6000944509818,0.0,0.0,290.2329839385116,0.0,0.0,1161.6598698663463,0.0,0.0,0.0,0.0,4593.489432320424,0.0,0.0,0.0,0.0,0.0,4038.970789850794,0.0,0.0,0.0,0.0,0.0,0.0,91.55429569915329,0.0,0.0
39,3.1974423109204555e-17,0.0312449802808256,7.105427357601019e-18,0.0620060634418604,0.3896890831021167,14.61371364108092,0.5088858150960951,0.2009693617982829,3709.489548347511,1576.834975416494,5660.200330808082,1535.6696751798256,0.0,0.0,688.321377050443,0.0,5283.399989736964,966.2498722031312,0.0,0.0,362.89438029051024,0.0,0.0,1334.6882162653642,0.0,0.0,0.0,0.0,4766.787485335885,0.0,0.0,0.0,0.0,0.0,4228.393717248875,0.0,0.0,0.0,0.0,0.0,0.0,108.93750183718925,0.0,0.0
40,3.1974423109204555e-17,0.0108597654028605,7.105427357601019e-18,0.0236430899011989,0.3124539662149401,14.154185328149063,0.4293631081040009,0.1781643900225338,3705.275757613481,1575.2711432566905,5667.086111145692,1543.761662109021,0.0,0.0,690.89185032111,0.0,5293.708356329042,982.0594582557012,0.0,0.0,365.0251147710596,0.0,0.0,1340.1850321109991,0.0,0.0,0.0,0.0,4817.569970302686,0.0,0.0,0.0,0.0,0.0,4280.205541931031,0.0,0.0,0.0,0.0,0.0,0.0,112.64479799048634,0.0,0.0
41,3.1974423109204555e-17,0.0015620925253416,7.105427357601019e-18,0.0021156852316393,0.259153643820179,13.357742493688548,0.3424515578251219,0.1450414292534102,3727.710709709912,1527.338962282363,5794.991270577296,1672.585820557057,0.0,0.0,644.5834913365384,0.0,5442.654052890813,1130.8023843070732,0.0,0.0,297.56861992263845,0.0,0.0,1210.870824181013,0.0,0.0,27.958155154952006,0.0,5404.757721231332,0.0,0.0,0.0,0.0,0.0,5060.576790414141,65.05263228019341,0.0,0.0,0.0,0.0,0.0,434.2164678405635,0.0,0.0
42,3.1974423109204555e-17,5.559996907322784e-16,7.105427357601019e-18,7.638334409421063e-17,0.2290884686368767,12.335194534072077,0.2782022390341628,0.1126091353934679,3385.349778013905,1281.7513064472323,5891.394845749187,1775.031968413995,0.0,0.0,471.8841456450133,0.0,5567.284279712395,1261.7657796206647,0.0,0.0,193.34296190491185,0.0,0.0,1039.777249812932,0.0,0.0,202.15279926776097,0.0,5818.92222754958,0.0,0.0,0.0,0.0,0.0,5597.785282323712,309.829862006548,0.0,0.0,0.0,0.0,0.0,688.468507644211,0.0,0.0
43,3.1974423109204555e-17,5.559996907322784e-16,7.105427357601019e-18,7.638334409421063e-17,0.2305447426954652,11.202538880387582,0.2266136919069772,0.0893442959468436,2756.870732649324,876.7876854559355,6087.206648458451,1906.24909002654,0.0,0.0,155.13417831670836,0.0,5780.243064121127,1355.250356410742,0.0,0.0,36.64872525642446,0.0,0.0,670.8474703775642,0.0,0.0,431.6549946529917,0.0,6251.3102443459165,6.67337359498386,0.0,0.0,0.0,0.0,6025.172234676023,593.9340051679224,0.0,0.0,0.0,0.0,0.0,776.2372625950949,0.0,0.0
44,3.1974423109204555e-17,5.559996907322784e-16,7.105427357601019e-18,7.638334409421063e-17,0.2850538122681779,9.977911811784706,0.1886006862801336,0.0714536235005976,2421.173337076741,652.4187902138638,6048.563252869714,1863.5975421952828,0.0,0.0,31.764709709483576,0.0,5739.354804364291,1310.5663744145463,0.0,0.0,0.0,0.0,0.0,428.7656804934704,0.0,0.0,638.1566472310117,111.76389712594172,6639.647498164921,354.280275306977,0.0,0.0,0.0,0.0,6408.411870869471,848.8010028945808,0.0,0.0,0.0,0.0,0.0,859.9421462326558,0.0,0.0
45,3.1974423109204555e-17,5.559996907322784e-16,7.105427357601019e-18,7.638334409421063e-17,0.4112662745910785,8.67613815595406,0.146266951579951,0.0500828549111652,2003.78693586573,415.47013722109904,5934.581070330275,1680.5094174527726,0.0,0.0,0.0,0.0,5614.126834475977,1182.5493835118762,0.0,0.0,0.0,0.0,0.0,245.06781828002948,0.0,0.0,829.706258878234,461.333658714522,6985.6589843990605,1078.914026547907,0.0,0.0,0.0,0.0,6735.658684278428,1069.303165439503,0.0,0.0,0.0,0.0,0.0,1037.9262775226637,0.0,0.0
46,3.1974423109204555e-17,5.559996907322784e-16,7.105427357601019e-18,7.638334409421063e-17,0.6385919389980621,7.385607152581951,0.0967491493050834,0.0322339263697107,1559.5370660126368,188.9497644439032,5853.589823116311,1477.3969941852558,0.0,0.0,0.0,0.0,5520.848992696466,1050.8334625640064,0.0,0.0,0.0,0.0,0.0,121.8330880269598,0.0,0.0,951.2152653255324,659.984237252329,7190.932216067774,1222.0315445320855,0.0,0.0,0.0,0.0,6914.957516355161,1193.2237794658556,0.0,0.0,0.0,0.0,0.0,1251.1939298688512,0.0,0.0
47,3.1974423109204555e-17,5.559996907322784e-16,7.105427357601019e-18,7.638334409421063e-17,0.9488197349079124,6.086287831337931,0.0620060304940862,0.0218735824209962,602.0961593510094,0.0,5951.2311073590645,1191.3933461684358,0.0,0.0,0.0,0.0,5611.498213875898,1080.0311557549535,0.0,0.0,0.0,0.0,0.0,71.41940693580823,0.0,0.0,1120.210017522197,936.2203868241164,7476.372297420387,1420.981008512549,0.0,0.0,0.0,0.0,7164.216188283218,1365.5300224024877,0.0,0.0,0.0,0.0,0.0,1547.6869118050056,0.0,0.0
48,3.1974423109204555e-17,5.559996907322784e-16,7.105427357601019e-18,7.638334409421063e-17,1.247898407867115,5.08933780225581,0.0483757065847175,0.0157012617408634,0.0,0.0,5844.547124539233,876.7044467401759,0.0,0.0,0.0,0.0,5482.897880071298,963.0271237994124,0.0,0.0,0.0,0.0,0.0,0.0,0.0,0.0,1261.341471167215,1166.989723284284,7714.7682979325455,1587.1853592972163,0.0,26.48812206884296,0.0,0.0,7372.405360037037,1509.4766763987373,0.0,0.0,0.0,0.0,186.55205971342252,1795.427995719719,0.0,0.0
49,3.1974423109204555e-17,5.559996907322784e-16,7.105427357601019e-18,7.638334409421063e-17,1.6306323367371702,4.181875586930603,0.0432744301794019,0.0093233963720927,0.0,0.0,5633.668629189308,720.410239028336,0.0,0.0,0.0,0.0,5255.342106228303,754.5323017417771,0.0,0.0,0.0,0.0,0.0,0.0,0.0,0.0,1364.1989222075435,1373.2764547678394,7837.988774842218,1674.513696022314,0.0,80.70722926757524,0.0,0.0,7466.160006849656,1574.1876970497624,0.0,0.0,0.0,0.0,503.3315370125726,1980.215536327607,0.0,0.0
50,3.1974423109204555e-17,5.559996907322784e-16,7.105427357601019e-18,7.638334409421063e-17,2.205732777289685,3.192125336979737,0.0450353425649983,0.0017242978431032,0.0,0.0,5105.810659348744,404.6183718740887,0.0,0.0,0.0,0.0,4723.040243227071,393.7825006665576,0.0,0.0,0.0,0.0,0.0,0.0,0.0,0.0,1508.4494630535642,1874.418122540277,7582.728055491229,1434.9600718927602,0.0,202.9001487838029,0.0,0.0,7015.636327425002,1300.9772183938478,0.0,29.632747142961307,0.0,0.0,627.8174803018986,2180.946212973042,0.0,0.0
51,3.1974423109204555e-17,5.559996907322784e-16,7.105427357601019e-18,7.638334409421063e-17,2.773355198305791,2.4502713260153173,0.0630229057145567,-3.694822225952514e-16,0.0,0.0,4620.003553156339,115.23205725937686,0.0,0.0,0.0,0.0,4237.5009092945365,63.180371608086,0.0,0.0,0.0,0.0,0.0,0.0,0.0,0.0,1691.6831120432996,2369.520719213893,7740.91230197968,1523.356125288929,0.0,294.3086985195825,6.049141714516164,0.0,7036.955986868834,1351.495232033186,0.0,119.1324766067914,0.0,0.0,653.7163148131993,2271.933357325256,0.0,0.0
52,3.1974423109204555e-17,5.559996907322784e-16,7.105427357601019e-18,7.638334409421063e-17,3.280457609047797,1.9025257330603045,0.108057658330948,-3.694822225952514e-16,0.0,0.0,4319.857346649327,39.36428166950383,0.0,0.0,0.0,0.0,3905.6019338097735,11.137386630609477,0.0,0.0,0.0,0.0,0.0,0.0,0.0,0.0,1813.7130345462213,2668.4525486229472,7913.563932072842,1658.0606112496878,0.0,367.1184096307148,9.293991634598436,0.0,7098.607666734779,1402.7973124577534,0.0,176.02608363854264,0.0,0.0,631.9277533653712,2273.712024003853,0.0,0.0
53,3.1974423109204555e-17,5.559996907322784e-16,7.105427357601019e-18,7.638334409421063e-17,3.8123954393595887,1.4829067213724374,0.1722329818511345,-3.6948222259525134e-16,0.0,0.0,3809.530067879317,0.0,0.0,0.0,0.0,0.0,3098.7271327565545,0.0,0.0,0.0,0.0,0.0,0.0,0.0,0.0,0.0,2022.7743659638777,3191.4128160175355,7860.514999811264,1637.1715480030794,0.0,479.2785116201901,43.51457193722279,0.0,6886.286164023743,1259.917466232598,0.0,200.7267840165996,0.0,0.0,573.7622600155253,2182.834673275156,0.0,0.0
54,3.1974423109204555e-17,5.559996907322784e-16,7.105427357601019e-18,7.638334409421063e-17,4.334407260086085,1.1391074370788192,0.2379656914657205,-3.6948222259525134e-16,0.0,0.0,3992.022565171156,0.0,0.0,0.0,0.0,0.0,3270.930623350194,0.0,0.0,0.0,0.0,0.0,0.0,0.0,0.0,0.0,2244.301434966439,3677.694693514485,7653.454231973338,1477.615974034205,0.0,546.8145777278653,80.8349763345615,0.0,6610.3077545198985,1036.1812166200089,0.0,226.8618683530717,0.0,0.0,536.6692757775346,2097.3753946422325,0.0,0.0
55,3.1974423109204555e-17,5.559996907322784e-16,7.105427357601019e-18,0.0017894976562336,4.862764896465827,0.7838708400461525,0.3108017719986012,-3.694822225952514e-16,0.0,0.0,4193.28916000317,0.0,0.0,0.0,0.0,0.0,3490.250477896906,0.0,0.0,0.0,0.0,0.0,0.0,0.0,0.0,0.0,1738.0839892211147,2847.688856526831,5582.179063685247,1024.474265149743,0.0,415.2580702698112,67.36378215544433,0.0,4808.621091658101,678.0739494437321,0.0,181.33658164909164,0.0,0.0,387.1399644684252,1521.929320600924,0.0,0.0
56,3.1974423109204555e-17,5.559996907322784e-16,7.105427357601019e-18,0.0066966350830565,5.342776941395925,0.4741065518229936,0.3875516977733797,-3.6948222259525134e-16,0.0,0.0,4238.137520819141,0.0,0.0,0.0,0.0,0.0,3585.096910187132,0.0,0.0,0.0,0.0,0.0,0.0,0.0,0.0,0.0,734.5961486121267,1210.5740139740367,2352.8259978744622,428.0753921255365,0.0,174.52352758838273,30.6587434133637,0.0,2019.3060796730108,280.293335441429,0.0,84.12703943116679,0.0,0.0,173.76593908269942,657.1937984328159,0.0,0.0
57,3.1974423109204555e-17,5.559996907322784e-16,7.105427357601019e-18,0.0115152470431894,5.803730574485564,0.2609277987876811,0.457612053903592,-3.694822225952514e-16,0.0,0.0,3460.861761132112,0.0,0.0,0.0,0.0,0.0,3052.283084403213,0.0,0.0,0.0,0.0,0.0,0.0,0.0,0.0,0.0,1350.622195857931,2267.649561804378,4287.788316542068,757.9852205014236,0.0,315.1544671937422,69.45422403146623,0.0,3635.608174111286,477.9592497398347,0.0,199.2463019486883,0.0,0.0,379.4628654907194,1291.2776994535488,0.0,0.0
58,3.1974423109204555e-17,5.559996907322784e-16,7.105427357601019e-18,0.0160929284053157,6.279400612513543,0.1285899651400013,0.5085551884015187,-3.694822225952514e-16,0.0,0.0,1791.080140836568,0.0,0.0,0.0,0.0,0.0,1579.6368362141438,0.0,0.0,0.0,0.0,0.0,0.0,0.0,0.0,0.0,2378.811359234619,3987.676793636499,7404.949392730566,1359.048510013535,0.0,591.1960461783603,141.40978220075596,0.0,6281.506733600744,839.0666571093087,0.0,392.400708652869,0.0,0.0,685.7741224088472,2265.263954667172,0.0,0.0
59,3.1974423109204555e-17,5.559996907322784e-16,7.105427357601019e-18,0.020381493049834,6.644067943500969,0.0600831402140302,0.5336403755312081,0.0001764808963027,0.0,0.0,1273.8733891385848,0.0,0.0,0.0,0.0,0.0,1123.5064619423829,0.0,0.0,0.0,0.0,0.0,0.0,0.0,0.0,0.0,2357.4449459730045,4026.4403522368816,7234.160867396267,1196.8566100324958,0.0,620.075222456764,199.35781659755767,0.0,6176.632639160424,869.0066127333035,0.0,519.7298756582156,86.89446450160817,0.0,890.6807323690879,2516.893275665373,0.0,0.0
60,3.1974423109204555e-17,5.559996907322784e-16,7.105427357601019e-18,0.0251037327707642,6.931626893236673,0.0172445903920185,0.5418180694156739,0.0019645110298999,0.0,0.0,887.3033294818473,0.0,0.0,0.0,0.0,0.0,782.58073594354,0.0,0.0,0.0,0.0,0.0,0.0,0.0,0.0,0.0,2240.304812674649,4020.813250296323,6949.272961369361,914.2634906193294,0.0,629.9820240510585,258.40209691267205,0.0,5996.509337869661,932.3423964771314,0.0,712.0693766477937,254.7029426331296,0.0,1221.5854893942037,2957.787286983637,12.358336251649002,0.0
61,3.1974423109204555e-17,5.559996907322784e-16,7.105427357601019e-18,0.028828424618485,7.175827495865596,0.0060034895341132,0.5367541320999947,0.0044092358671092,0.0,0.0,458.6660030857053,0.0,0.0,0.0,0.0,0.0,404.55432037109546,0.0,0.0,0.0,0.0,0.0,0.0,0.0,0.0,0.0,2160.860969274705,3998.043692975444,6809.824223643641,869.2845065676781,0.0,645.6132083380915,308.6206579097625,0.0,5910.298903483729,969.7884824671592,0.0,764.7666359794371,326.01489914334206,0.0,1317.263162307247,3148.015401370633,98.2631623072471,0.0
62,3.1974423109204555e-17,0.0011888170623417,7.105427357601019e-18,0.0307023348297832,7.335852554682835,0.0048481195989757,0.5217594645518856,0.0080943151917135,0.0,0.0,3283.020573000035,0.0,0.0,0.0,0.0,0.0,3004.515420393531,0.0,0.0,0.0,0.0,0.0,0.0,0.0,0.0,0.0,2137.7795923736912,3293.265670220067,6962.989998671523,1038.9884386669896,0.0,554.8375637486523,294.6858187932078,0.0,6127.803770554838,1195.3970303496164,0.0,538.14361326735,273.3198998949411,0.0,1185.2787918836086,3026.183647658466,88.86513619638542,0.0
63,3.1974423109204555e-17,0.0053581317607979,7.105427357601019e-18,0.0350177179933556,7.329175625538756,0.0069445670830484,0.5316534046672328,0.0144994916810627,0.0,0.0,4375.024454886661,0.0,0.0,0.0,0.0,0.0,4005.9941063646143,10.285081895756976,0.0,0.0,0.0,0.0,0.0,0.0,0.0,0.0,1957.9878059237208,2183.4555292412,6955.712363463812,1020.3349855507212,0.0,385.3300488227001,204.55084849865585,0.0,6232.110716285612,1343.1109801646303,0.0,401.39142738225473,235.7416340534591,0.0,1154.837287960376,2942.293010310152,80.35300694392711,0.0
64,3.1974423109204555e-17,0.0099215357541533,7.105427357601019e-18,0.0396752366932449,7.1021637912824,0.0098085065847095,0.6551775465669986,0.0213308007906973,28.190840020488302,0.0,4402.489757815025,0.0,0.0,0.0,0.0,0.0,4070.8279513370207,77.42483137913912,0.0,0.0,0.0,0.0,0.0,166.3643906626449,0.0,0.0,1780.5916526719334,1649.8643912599805,6592.176653024989,925.319023712664,0.0,278.1802637803117,111.3341099410235,0.0,5953.745658119745,1196.178404808618,0.0,204.58902877457825,103.93918098867444,0.0,917.0969196301388,2488.366055333609,36.49420132491236,0.0
65,3.1974423109204555e-17,0.0226002349188983,7.105427357601019e-18,0.0550322471338676,6.723489990019937,0.0148000916669843,0.8726211667938238,0.0283531585374239,266.02894486242883,0.0,4152.908593884442,23.10248880379457,0.0,0.0,0.0,0.0,4007.3138027726695,169.72871415586562,0.0,0.0,0.0,0.0,4.054722524747619,631.4707384311249,0.0,0.0,1109.371659001402,893.6608892400764,4232.849241148579,579.059012108583,0.0,134.41318695259554,15.394922114312688,0.0,3844.102540653209,720.0196650828691,0.0,16.38814289588125,0.0,0.0,485.7750468773909,1421.4397418283918,0.0,0.0
66,3.1974423109204555e-17,0.0561915874845556,7.105427357601019e-18,0.0901630734473742,6.284590272908464,0.0423143004967757,1.2072851841999004,0.0333134943787371,575.364664582037,0.0,4333.205414391561,191.9228829808111,0.0,0.0,0.0,0.0,4345.286970807143,451.91482477394953,0.0,0.0,0.0,0.0,29.506596648913657,1077.4970079937602,0.0,0.0,553.9555789586083,446.25788564484895,2113.686164861057,289.16010961162414,0.0,31.002702232205323,0.0,0.0,1919.596299486468,359.5243503343415,0.0,0.0,0.0,0.0,242.59311508755383,709.7944771108163,0.0,0.0
67,3.1974423109204555e-17,0.107702978710964,7.105427357601019e-18,0.1315736410365451,5.734821530012118,0.1261298773648543,1.7302905045002928,0.0380760951229232,968.9957416666406,0.0,4659.539892759916,496.3536679212649,0.0,0.0,0.0,0.0,4560.488119668538,575.7339830068653,0.0,0.0,0.0,0.0,13.667495057032076,860.5677108884594,0.0,0.0,229.62314740188884,155.66392068423394,1095.1424952109774,123.80947817982556,0.0,0.0,0.0,0.0,993.3525926131596,158.60085515043744,0.0,0.0,0.0,0.0,90.71453338788189,310.7685264500817,0.0,0.0
68,3.1974423109204555e-17,0.1648481886596882,7.105427357601019e-18,0.1741652752222154,5.009795491116661,0.3581562138744985,2.5928824295041686,0.042859210518899,1944.453690825996,160.00370186015635,4919.5279209213,790.8583463711127,0.0,0.0,11.238672320757896,0.0,4604.606353426158,437.5046256247389,0.0,0.0,0.0,0.0,0.0,493.9761525193792,0.0,0.0,614.6104211118815,202.59224527256552,4543.66263843338,359.6334674330363,0.0,0.0,0.0,0.0,4113.597149707034,494.6801039239336,0.0,0.0,0.0,0.0,170.49081414451635,954.0579406967964,0.0,0.0
69,3.1974423109204555e-17,0.2128504456943523,7.105427357601019e-18,0.2093765147641196,4.311095217909968,0.7467543188581315,3.597217753054486,0.0449687076847173,2385.520235274837,639.903528736156,5049.2867089330575,876.6697796241003,0.0,0.0,68.25282860189911,0.0,4734.735743726088,486.7011303131923,0.0,0.0,0.0,0.0,0.0,655.2897498262247,0.0,0.0,722.6474742348229,167.11496849842493,6818.992441760977,403.6832983315832,0.0,0.0,0.0,0.0,6149.18471162447,622.3656751448683,0.0,0.0,0.0,0.0,144.04522537237972,1263.950964492669,0.0,0.0
70,3.1974423109204555e-17,0.264563361199499,7.105427357601019e-18,0.247276474327542,3.5813393504419166,1.4297600009361064,4.679961258751268,0.0551708721662214,2163.6109622226654,500.1493109806431,5612.658491226417,1286.8986122369113,0.0,0.0,80.425981033068,0.0,5295.1310037065605,934.6727410579654,0.0,0.0,0.0,0.0,0.0,688.8794633177578,0.0,0.0,384.7020468878213,0.0,6597.8486881890185,203.6701772252516,0.0,0.0,0.0,0.0,5901.622693424186,404.2379917320808,0.0,0.0,0.0,0.0,0.0,904.3736207457396,0.0,0.0
71,3.1974423109204555e-17,0.3118798405076415,7.105427357601019e-18,0.2775884378897008,2.8750950688372123,2.3850885973315523,5.814533058601993,0.0834608302325576,2029.1670552801747,509.5803404165229,6745.031738948337,2183.370374244621,0.0,0.0,108.84604634679556,0.0,6262.598556336439,1745.6127488942584,0.0,0.0,0.0,0.0,0.0,667.3122300862962,0.0,0.0,140.95185069612242,0.0,6394.810765895754,120.0692812334599,0.0,0.0,0.0,0.0,5656.693335358417,193.26387775860087,0.0,0.0,0.0,0.0,0.0,494.4356607985272,0.0,0.0
72,3.1974423109204555e-17,0.3315264835943959,7.105427357601019e-18,0.2827254940655784,2.3305882505096083,3.402194583315027,6.733408093714284,0.108080624665029,2219.110284073536,623.2951694486842,6721.984846529285,2213.063885585106,0.0,0.0,133.5858435640347,0.0,6211.635684222613,1714.989584994095,0.0,0.0,0.0,0.0,0.0,699.9308536712975,0.0,0.0,0.0474350977773111,0.0,5990.9771605124,4.529227450468206,0.0,0.0,0.0,0.0,5241.656326504434,0.0650398763338384,0.0,0.0,0.0,0.0,0.0,217.8741667876684,0.0,0.0
73,3.1974423109204555e-17,0.3315196791627914,7.105427357601019e-18,0.2783065529302326,1.7688578266235355,4.88868459242244,7.622275093871649,0.1391771636013284,2532.236465880106,932.5249476869568,6685.901118511593,2266.103660290976,0.0,0.0,163.48574228903763,0.0,6208.645603882815,1635.9509088534971,0.0,0.0,6.016499750695323,0.0,0.0,810.7877411918595,0.0,0.0,0.0,0.0,4777.967920824892,0.015897443657899,0.0,0.0,0.0,0.0,4129.693107328939,0.0,0.0,0.0,0.0,0.0,0.0,0.7710260174081008,0.0,0.0
74,3.1974423109204555e-17,0.3269588835348845,7.105427357601019e-18,0.2737396097298438,1.3598914300776304,6.500678377488683,8.16105394921643,0.1721356858944976,2606.657567183761,1178.6423826893033,6426.526658361711,2303.118576806328,0.0,0.0,180.248409816494,0.0,5923.114429658163,1515.806076856083,0.0,0.0,31.8604701874758,0.0,0.0,754.632233676438,0.0,0.0,0.0,0.0,5239.451774205618,0.0,0.0,0.0,0.0,0.0,4400.981719304815,0.0,0.0,0.0,0.0,0.0,0.0,0.0,0.0,0.0
75,3.1974423109204555e-17,0.3160418120006999,7.105427357601019e-18,0.2587510663570557,1.0650852652519696,8.23884057639236,8.448971450675291,0.2172582726105958,1657.845905617928,757.8764049339611,4149.5104173752925,1482.3150155919402,0.0,0.0,105.38327404528226,0.0,3819.023787242615,977.295252515467,0.0,0.0,6.214289933978375,0.0,0.0,475.623721121945,0.0,0.0,0.0,0.0,5673.31618634498,0.0,0.0,0.0,0.0,0.0,4706.702058208308,0.0,0.0,0.0,0.0,0.0,0.0,0.0,0.0,0.0
76,3.1974423109204555e-17,0.2788173349501666,7.105427357601019e-18,0.2148369219069769,0.825706851012182,10.190496259116266,8.641476154544849,0.2870858839291247,1731.3964180350094,886.036208810031,5043.100192077592,1748.2830819682806,0.0,0.0,18.035976934848744,0.0,4580.745098351465,1171.7919665969148,0.0,0.0,0.0,0.0,0.0,447.59645662358406,0.0,0.0,0.0,0.0,5877.750667582069,0.0,0.0,0.0,0.0,0.0,5025.186775914525,0.0,0.0,0.0,0.0,0.0,0.0,0.0,0.0,0.0
77,3.1974423109204555e-17,0.2273108118936878,7.105427357601019e-18,0.1687296695681064,0.6510570953050449,11.93766068274055,8.696705447427359,0.3547705302086978,2067.242123513181,1133.785284291018,6613.520211615146,2257.930150913073,0.0,0.0,0.0,0.0,5967.411316658784,1531.3963527555882,0.0,0.0,0.0,0.0,0.0,498.2061035627759,0.0,0.0,0.0,0.0,5932.398766314365,0.0,0.0,0.0,0.0,0.0,5138.929259753502,0.0,0.0,0.0,0.0,0.0,0.0,0.0,0.0,0.0
78,3.1974423109204555e-17,0.1770903249712308,7.105427357601019e-18,0.1268644051711318,0.5117480693108094,13.446397102370522,8.52407520591559,0.4277350659303029,1960.7206101353995,1102.8849107685842,6702.873460728383,2296.1605554193616,0.0,0.0,0.0,0.0,6056.190128374464,1603.887689933591,0.0,0.0,0.0,0.0,0.0,489.51186279663375,0.0,0.0,0.0,0.0,5949.974226184511,0.0,0.0,0.0,0.0,0.0,5220.981635628427,0.0,0.0,0.0,0.0,0.0,0.0,0.1882357709627871,0.0,0.0
79,3.1974423109204555e-17,0.1228157108372095,7.105427357601019e-18,0.0819991846046513,0.4103715276478418,14.901533386550335,8.018626202283412,0.5159017568757011,1387.1774790276634,782.4157551969204,4864.027265784953,1673.1740130516987,0.0,0.0,0.0,0.0,4401.696543748741,1185.919900346346,0.0,0.0,0.0,0.0,0.0,356.5882824974664,0.0,0.0,0.0,0.0,5986.923139809232,0.0,0.0,0.0,0.0,0.0,5324.947007780339,0.0,0.0,0.0,0.0,0.0,0.0,4.478335991497873,0.0,0.0
80,3.1974423109204555e-17,0.0670154656251711,7.105427357601019e-18,0.0358686265608755,0.3298840321407078,16.123864814699218,7.408622332901297,0.5947071769013085,1193.945536585232,570.8006423597755,4223.981049291592,1506.6631658871,0.0,0.0,0.0,0.0,3848.295100513356,1104.2970932351082,0.0,0.0,0.0,0.0,0.0,314.4711161258342,0.0,0.0,0.0,0.0,5974.124838665316,0.0,0.0,0.0,0.0,0.0,5311.800865833585,0.0,0.0,0.0,0.0,0.0,0.0,24.50541545067486,0.0,0.0
81,3.1974423109204555e-17,0.0242881001080091,7.105427357601019e-18,0.0063299158422282,0.2635938470898431,16.86559808198372,6.744983733326348,0.6355233402547524,1866.4911623132816,721.6435283059236,6666.003027296399,2466.0205116465736,0.0,0.0,0.0,0.0,6115.551473747872,1865.5265493078316,0.0,0.0,0.0,0.0,0.0,504.1795463860101,0.0,0.0,0.0,0.0,5849.536573024726,0.0,0.0,0.0,0.0,0.0,5175.769979118297,0.0,0.0,0.0,0.0,0.0,0.0,60.78708319844112,0.0,0.0
82,3.1974423109204555e-17,0.0034980845557948,7.105427357601019e-18,0.0001550968012508,0.1976471879437183,17.34575525644007,6.007688502345893,0.6525901978862599,2221.679297642097,785.6231935869491,7990.399224625812,2973.204287834934,0.0,0.0,0.0,0.0,7364.948751536214,2259.973966566147,0.0,0.0,0.0,0.0,0.0,580.4830201781944,0.0,0.0,0.0,0.0,5542.222167543842,0.0,0.0,0.0,0.0,0.0,4939.795330975796,0.0,0.0,0.0,0.0,0.0,0.0,88.57780642181292,0.0,0.0
83,3.1974423109204555e-17,4.440892098500638e-16,7.105427357601019e-18,1.4743761767022062e-16,0.1616434270564796,17.306944991235447,5.197699519757656,0.6415011561422698,2151.2098845798705,697.0766748679555,7895.053673482187,2874.853299535373,0.0,0.0,0.0,0.0,7368.0,2145.248222013848,0.0,0.0,0.0,0.0,0.0,449.89932724565386,0.0,0.0,0.0,0.0,5128.286167454787,0.0,0.0,0.0,0.0,0.0,4761.940269088504,0.0,0.0,0.0,0.0,0.0,0.0,124.90918395014764,0.0,0.0
84,3.1974423109204555e-17,4.440892098500638e-16,7.105427357601019e-18,1.4743761767022062e-16,0.1382142111844587,16.92010546254076,4.537705756201631,0.6157690794054591,2089.334914396293,620.027117774426,7809.465442962046,2788.39951636419,0.0,0.0,0.0,0.0,7368.0,2044.8063369279037,0.0,0.0,0.0,0.0,0.0,336.30698402519954,0.0,0.0,0.0,0.0,5057.983557788627,0.0,0.0,0.0,0.0,0.0,4862.466663282513,0.0,0.0,0.0,0.0,0.0,0.0,234.87373121467087,0.0,0.0
85,3.1974423109204555e-17,0.0031863243189373,7.105427357601019e-18,0.0010569645926911,0.1235376423282403,16.196738988908926,4.038408267072412,0.5738248583043184,1997.8147919494556,527.0957793926538,7725.202633096495,2685.123402824559,0.0,0.0,0.0,0.0,7346.503713631187,1920.3151601015124,0.0,0.0,0.0,0.0,0.0,205.56363412946035,0.0,0.0,0.0,0.0,5048.525186446991,6.974858874987627,0.0,0.0,0.0,0.0,5018.389793668573,129.00414821225556,0.0,0.0,0.0,0.0,6.11729425921046,599.8820592294979,0.0,0.0
86,3.1974423109204555e-17,0.0182761302857147,7.105427357601019e-18,0.0055887661794021,0.1124962295555178,15.065809929500922,3.46417125041859,0.5060589227997898,1764.972003730291,377.6677852652185,7686.181896684766,2524.342863495875,0.0,0.0,0.0,0.0,7202.655734342696,1703.0797823248406,0.0,0.0,0.0,0.0,0.0,26.861506303121807,0.0,0.0,0.0,0.0,3102.8210464212434,48.29046816794264,0.0,0.0,0.0,0.0,3171.439425427219,261.98578499753467,0.0,0.0,0.0,0.0,42.35287015072406,580.9796098713534,0.0,0.0
87,3.1974423109204555e-17,0.03537973166113,7.105427357601019e-18,0.0106165965049835,0.1338713047513427,13.58911366779603,2.771948079110386,0.4283104342977254,1587.445886274877,274.68058324801086,7185.686828387828,2130.9834323976,0.0,0.0,0.0,0.0,6509.555815114964,1207.4979171223315,0.0,0.0,0.0,0.0,0.0,0.0,0.0,0.0,290.1389465349793,96.95925447214356,1687.6461536319512,159.62370975714333,0.0,0.0,0.0,0.0,1724.269855979514,256.3568286172218,0.0,0.0,0.0,0.0,94.85782043968734,456.6160856495014,0.0,0.0
88,3.1974423109204555e-17,0.0515418503920271,7.105427357601019e-18,0.0153676655282393,0.2105693533930049,12.048982571397271,2.093292670100435,0.3423666839742027,1387.8703656286043,171.7546293585044,6749.725638976913,1753.8501510419644,0.0,0.0,0.0,0.0,5999.240603204838,864.9801402830468,0.0,0.0,0.0,0.0,0.0,0.0,0.0,0.0,768.7969655381722,347.0623527890619,5462.544531889371,732.0504526040933,0.0,3.5802221418753764,0.0,0.0,5547.30168264443,976.962301168446,0.0,0.0,0.0,0.0,390.588002985546,1596.9152701132273,0.0,0.0
89,3.1974423109204555e-17,0.0670763140265786,7.105427357601019e-18,0.0199342270166113,0.3087895589501674,10.546723937394482,1.498746194352142,0.2715197233156142,1229.9273657991932,96.57261078804451,6565.125735831679,1542.9610591164485,0.0,0.0,0.0,0.0,5861.241876761003,783.1198194481473,0.0,0.0,0.0,0.0,0.0,0.0,0.0,0.0,944.3563839285003,532.3299486337324,7183.766666845622,1189.2887747416278,0.0,27.81332953297517,0.0,0.0,7173.789031841399,1397.822579335064,0.0,0.0,0.0,0.0,459.2953727409818,1818.9654241072492,0.0,0.0
90,3.1974423109204555e-17,0.0794725021794026,7.105427357601019e-18,0.0235782508305648,0.405641356547424,9.303833418662911,1.0748124284843896,0.2233508880102882,1101.5130922572637,35.43244963809511,6415.056879082598,1371.5007154152995,0.0,0.0,0.0,0.0,5749.067770703526,716.5808901560077,0.0,0.0,0.0,0.0,0.0,0.0,0.0,0.0,989.0,588.0,7393.0,1313.0,0.0,46.55403485048026,0.0,0.0,7333.0,1482.0,0.0,0.0,0.0,0.0,448.0,1752.0,0.0,0.0
91,3.1974423109204555e-17,0.0918374929086385,0.0049494249194352,0.0271217581931063,0.5653102371204332,7.9126370239652895,0.6741534790894803,0.1771070787171923,372.2242360327448,0.0,5569.958427142323,790.0453946875328,0.0,0.0,0.0,0.0,5213.496447788189,510.6892679118516,0.0,0.0,0.0,0.0,0.0,0.0,0.0,0.0,1150.7634288026768,823.7298658670306,7287.814862355115,1265.4978140836504,0.0,67.90962861622444,0.0,0.0,7220.445324163794,1428.433678769397,0.0,0.0,0.0,0.0,552.3188557843673,1997.935847521103,0.0,0.0
92,3.1974423109204555e-17,0.0944620920000006,0.0185092357873754,0.027768384,0.8042060241939638,6.3140203463487365,0.3391986661505475,0.1474338232111396,0.0,0.0,4964.311894300671,377.453941662172,0.0,0.0,0.0,0.0,4832.23171852165,398.5600691777476,0.0,0.0,0.0,0.0,0.0,2.382978723404255,0.0,0.0,1284.0625508981673,1067.543497061255,7356.186930502265,1333.8076597728943,0.0,94.52555258574884,0.0,0.0,7190.468259546118,1423.0560308754527,0.0,0.0,0.0,0.0,577.765082213079,2107.733821620677,0.0,0.0
93,3.1974423109204555e-17,0.0948663697090165,0.0316986416013288,0.027768384,1.0671287537706495,4.964582031645057,0.18854998533645,0.1450874404089809,0.0,0.0,4632.545544764128,186.3195198689172,0.0,0.0,0.0,0.0,4554.045906321119,295.25655667149545,0.0,0.0,0.0,0.0,0.0,1.6596126367953747,0.0,0.0,1726.564618442839,1839.0113616724848,7399.778516354748,1438.3123000369471,0.0,234.5658027374336,64.59376217355471,0.0,6947.811652061012,1289.0380324281673,0.0,40.66398247133654,18.25712721632931,0.0,551.3406507696176,2202.7574966640504,0.0,0.0
94,3.1974423109204555e-17,0.0986357512823926,0.0450136608039866,0.027768384,1.3471817831137878,3.709965900857106,0.1501860102209156,0.1562544410780723,0.0,0.0,4505.4391108048485,154.09864083297313,0.0,0.0,0.0,0.0,4493.165462042406,231.222737364778,0.0,0.0,0.0,0.0,0.0,0.0,0.0,0.0,1869.2021091240488,2042.872409649245,7396.460026861791,1487.1940632364742,0.0,304.18414038705345,138.6361171211265,0.0,6928.247986408035,1340.600171166849,0.0,132.29021145953547,107.29021145953546,0.0,641.6881633308407,2311.6702962850527,0.0,0.0
95,3.1974423109204555e-17,0.0983985273089706,0.0579518398405315,0.0262102088821504,1.6456647270161289,2.76341655512796,0.1386047259790854,0.1622326830197514,0.0,0.0,4249.768860742232,28.6,0.0,0.0,0.0,0.0,3911.0717557440166,42.9,0.0,0.0,0.0,0.0,0.0,0.0,0.0,0.0,1844.3284317980824,1992.5765339583795,7457.146748687716,1693.432632569288,0.0,334.82255858090633,100.68822277959296,0.0,6961.5242547815615,1469.280682418138,0.0,150.39169851047035,44.42150893398552,0.0,621.7727217106795,2116.196031808537,0.0,0.0
96,3.1974423109204555e-17,0.0878198207441865,0.070488358054485,0.0217183489833887,1.9833557289408643,2.122758584794651,0.1252252639255669,0.1605487372624576,0.0,0.0,4189.598177463551,0.0,0.0,0.0,0.0,0.0,3577.715978190158,0.0,0.0,0.0,0.0,0.0,0.0,0.0,0.0,0.0,1217.0673475062222,1303.8482709321245,5031.057017218586,1178.161200469815,0.0,222.7448698699783,47.228288056442864,0.0,4692.17325722537,1007.7495879736288,0.0,101.53487324159434,0.0,0.0,399.5391583870437,1363.8571809929,0.0,0.0
97,3.1974423109204555e-17,0.077363432790698,0.0756192599999999,0.0174285487973422,2.3257453112142854,1.6630261125871753,0.1107650624651017,0.1584095515490024,0.0,0.0,4279.462851992804,0.0,0.0,0.0,0.0,0.0,3522.458817615996,0.0,0.0,0.0,0.0,0.0,0.0,0.0,0.0,0.0,685.8601814500585,734.75571720608,2835.0509365031253,663.902938855639,0.0,125.53858828620912,27.405601672030794,0.0,2644.080166094711,567.8853994196746,0.0,70.27275987288347,0.0,0.0,225.1375578054181,768.5580063815382,0.0,0.0
98,3.1974423109204555e-17,0.0657827020465122,0.0756192599999999,0.0126774797740865,2.735364715437028,1.2821747892952833,0.096136303187663,0.1567525396610078,0.0,0.0,4299.007889941728,0.0,0.0,0.0,0.0,0.0,3458.852638458178,0.0,0.0,0.0,0.0,0.0,0.0,0.0,0.0,0.0,403.7737999406079,422.4221895093984,1664.59139478792,401.3913451079428,0.0,72.92080017530418,17.448045400043775,0.0,1542.297204438735,330.53530481868165,0.0,38.932709027231,0.0,0.0,118.5760599588432,414.9527867658503,0.0,0.0
99,3.1974423109204555e-17,0.0546388234855252,0.0756192599999999,0.0082031720531563,3.217609662091126,0.9983351269634212,0.0886517520398524,0.1436081096981481,0.0,0.0,4327.23091658861,0.0,0.0,0.0,0.0,0.0,3472.478930206796,0.0,0.0,0.0,0.0,0.0,0.0,0.0,0.0,0.0,1047.8319490074173,1018.1399728707275,4285.524807137806,1122.9046024613097,0.0,181.4542742150264,12.524968246207584,0.0,3892.3538496312335,828.301136422013,0.0,42.0735648638488,0.0,0.0,199.94906480910052,787.7557981119072,0.0,0.0
100,3.1974423109204555e-17,0.0400401943056484,0.0755708238303274,0.0036827374485051,3.811043905893689,0.754712377122652,0.089341801983374,0.1185106723056471,0.0,0.0,4344.816487090518,0.0,0.0,0.0,0.0,0.0,3480.3925807108926,0.0,0.0,0.0,0.0,0.0,0.0,0.0,0.0,0.0,1947.034391102076,1848.5598748594325,7941.63428878803,2137.6705827774776,0.0,329.76423196134203,8.07215896314308,0.0,7203.401978413521,1529.6366517782988,0.0,41.99732335401688,0.0,0.0,298.8726018030203,1295.2258253324933,0.0,0.0
101,3.1974423109204555e-17,0.0275078494764123,0.0682896158073089,0.0001329113206645,4.48676858556359,0.5188131625060118,0.0984313597658325,0.0912276749134879,0.0,0.0,4367.733974692454,0.0,0.0,0.0,0.0,0.0,3459.3609247338186,0.0,0.0,0.0,0.0,0.0,0.0,0.0,0.0,0.0,2186.8309982678898,2053.5768279101626,9055.845023624272,2513.378850352344,0.0,363.0,15.298241204943665,0.0,8226.31444511566,1762.0306918235708,0.0,32.78559190155071,0.0,0.0,271.5768279101626,1320.0594410193648,0.0,0.0
102,3.1974423109204555e-17,0.0267766560000004,0.05610511710299,1.4566126083082035e-16,5.093085880767939,0.3242362056673157,0.108489957325496,0.0684633890274966,0.0,0.0,4319.889424436167,0.0,0.0,0.0,0.0,0.0,3398.708847787072,0.0,0.0,0.0,0.0,0.0,0.0,0.0,0.0,0.0,2175.287728689946,2046.7215717885435,9235.9880098317,2610.9404923045927,0.0,363.0,25.780577103685243,0.0,8345.252340770907,1812.5382554659336,0.0,50.22865647253926,0.0,0.0,264.7215717885436,1276.00189082955,0.0,0.0
103,3.1974423109204555e-17,0.0264289600781712,0.0437950050099667,1.4566126083082035e-16,5.649848106233342,0.1653800276552327,0.1187174195880252,0.0577266321141289,0.0,0.0,3762.350732923734,0.0,0.0,0.0,0.0,0.0,2925.9672503430825,0.0,0.0,0.0,0.0,0.0,0.0,0.0,0.0,0.0,2191.61426891784,2093.310396019463,9306.43091935297,2672.639158912433,0.0,377.86443518756863,35.445840582919125,0.0,8396.024889994595,1859.8192469167584,0.0,66.35153740183819,0.0,0.0,280.56515400756894,1284.6509388308132,0.0,0.0
104,3.1974423109204555e-17,0.0227364352026582,0.0309824393621262,1.4566126083082035e-16,6.142185725353919,0.076445005512571,0.1259698383974839,0.060530843008012,0.0,0.0,3898.397174742013,0.0,0.0,0.0,0.0,0.0,2964.4802461168465,0.0,0.0,0.0,0.0,0.0,0.0,0.0,0.0,0.0,2241.514835479554,2204.3251396062,9245.597082589533,2691.702296700054,0.0,410.6642457927407,41.72546244237087,0.0,8365.187461220501,1903.5523277236543,0.0,76.83626318502994,0.0,0.0,323.7375542912998,1356.6983860575588,0.0,0.0
105,3.1974423109204555e-17,0.0187332806511632,0.0196772343787375,1.4566126083082035e-16,6.452947495571685,0.0342690643086801,0.1253407458737394,0.0827702153191919,0.0,0.0,4217.027337174552,0.0,0.0,0.0,0.0,0.0,3003.1961457382745,0.0,0.0,0.0,0.0,0.0,0.0,0.0,0.0,0.0,2345.8240356120064,2435.090712980453,9124.97748814558,2737.307731156621,0.0,477.520939938824,54.12597241432895,0.0,8308.486013286334,1997.5414668329108,0.0,97.42675034579212,0.0,0.0,412.2190031365012,1502.214367653063,0.0,0.0
106,3.1974423109204555e-17,0.0148238856833476,0.0067997899304402,0.0004786951208473,6.632466126948094,0.0165182378359291,0.1220769985757742,0.1417432031723417,0.0,0.0,3826.921045356636,0.0,0.0,0.0,0.0,0.0,2772.002825179621,0.0,0.0,0.0,0.0,0.0,0.0,0.0,0.0,0.0,2131.0318693374857,1995.9462415062287,9875.614848495572,3120.0453523949864,0.0,244.8923728186451,0.0,0.0,9031.02752914908,2124.7444163106147,0.0,0.0,0.0,0.0,169.6955658653351,966.2867773859776,0.0,0.0
107,3.1974423109204555e-17,0.0168494916677745,1.4210854715202038e-17,0.0047012355149503,6.690203588022831,0.0105596899690542,0.1153593609654625,0.2074076882920697,0.0,0.0,1776.8763883571994,0.0,0.0,0.0,0.0,0.0,1289.2903076720534,0.0,0.0,0.0,0.0,0.0,0.0,0.0,0.0,0.0,1965.0216253046824,1772.135240876469,10076.227231143572,3221.5013722620934,0.0,142.61315815108858,0.0,0.0,9219.158695863944,2194.2046909974947,0.0,0.0,0.0,0.0,116.34084671535938,855.4535474457501,0.0,0.0
108,3.1974423109204555e-17,0.020178864239203,1.4210854715202038e-17,0.0089160795149503,6.610132740836219,0.0180246769923244,0.1195564346551347,0.2571214430780731,0.0,0.0,1011.685582122106,0.0,0.0,0.0,0.0,0.0,855.4302961310528,0.0,0.0,0.0,0.0,0.0,0.0,0.0,0.0,0.0,1816.426309076996,1481.5515087957715,9969.419177128637,2990.328845832324,0.0,91.0776550754398,0.0,0.0,9061.496832204077,1907.7559462286536,0.0,0.0,0.0,0.0,75.46434277679296,559.6109383406462,0.0,0.0
109,3.1974423109204555e-17,0.0232759550033226,1.4210854715202038e-17,0.0128368646312293,6.4331529898216,0.0446653410547829,0.1334626604790551,0.2965474702823918,0.0,0.0,2245.184105749301,0.0,0.0,0.0,0.0,0.0,1967.2030240861964,0.0,0.0,0.0,0.0,0.0,0.0,0.0,0.0,0.0,1562.4295634281875,997.8877789514164,9801.242532075965,2597.129310666593,0.0,13.804283102301886,0.0,0.0,8813.850916052363,1443.6625701962482,0.0,0.0,0.0,0.0,11.437834570478705,99.33358489929454,0.0,0.0
110,3.1974423109204555e-17,0.0289737395528634,1.4210854715202038e-17,0.0172967577009968,6.080510044101627,0.1221614310322111,0.1569761164432138,0.3283034272823917,3.620479701956679,0.0,4167.245836933332,96.33062064134737,0.0,0.0,0.0,0.0,3696.920671894861,43.96296780947396,0.0,0.0,0.0,0.0,0.0,0.0,0.0,0.0,944.3844010602496,318.27713858517166,9766.057960719005,2227.6506846735347,0.0,0.0,0.0,0.0,8689.120189589517,1134.9732508053396,0.0,0.0,0.0,0.0,0.0,1.6279123631192798,0.0,0.0
111,3.1974423109204555e-17,0.0387045739136216,1.4210854715202038e-17,0.0230309059335549,5.465181562367264,0.3015098605877034,0.1893347581938845,0.3560989931960128,49.38263705689839,0.0,4974.801455489199,557.8214792021779,0.0,0.0,0.0,0.0,4440.985250402108,274.4494461275656,0.0,0.0,0.0,0.0,0.0,0.0,0.0,0.0,732.9348020258985,110.23913395944956,9487.829512943716,1982.7751941501665,0.0,0.0,0.0,0.0,8323.253131362073,919.786828801462,0.0,0.0,0.0,0.0,0.0,0.0,0.0,0.0
112,3.1974423109204555e-17,0.0482790124419753,1.4210854715202038e-17,0.0285799075580251,4.6432465804605405,0.6032809863512085,0.2233995418673242,0.3582421133518161,465.8224863432436,0.0,5175.887504700038,948.463345563182,0.0,0.0,0.0,0.0,4803.100743558042,733.5950941459571,0.0,0.0,0.0,0.0,0.0,0.0,0.0,0.0,705.3212771970382,90.36859773272788,8910.956844892797,1636.8563999270823,0.0,0.0,0.0,0.0,7687.495881434294,661.3297289187856,0.0,0.0,0.0,0.0,0.0,0.0,0.0,0.0
113,3.1974423109204555e-17,0.0500822640000003,1.4210854715202038e-17,0.0295039080000001,3.9258537783103966,0.9583500417322866,0.254409905009003,0.3431132360047467,1199.977299730133,24.8935669603349,6029.600227702854,1520.219547753125,0.0,0.0,0.0,0.0,5880.326432749173,1487.120157785376,0.0,0.0,0.0,0.0,0.0,273.8314953960819,0.0,0.0,715.420859930981,161.8794660278613,8149.356268763743,1196.705726890278,0.0,0.0,0.0,0.0,6950.132335418594,377.3744781208604,0.0,0.0,0.0,0.0,0.0,0.0,0.0,0.0
114,3.1974423109204555e-17,0.0500822640000003,1.4210854715202038e-17,0.0295039080000001,3.267952185178297,1.3677630048836866,0.2755089208239058,0.3157322345869321,1549.8931941128988,144.14581915849055,6343.026026590472,1727.295547294364,0.0,0.0,0.37270318916245,0.0,6263.477734949744,1720.7440384280808,0.0,0.0,0.0,0.0,0.0,960.1990833136804,0.0,0.0,695.3614574617978,190.60178019619204,7569.321547685063,829.7296946853539,0.0,0.0,0.0,0.0,6378.579633783427,135.91105476188744,0.0,0.0,0.0,0.0,0.0,0.0,0.0,0.0
115,3.1974423109204555e-17,0.0500822640000003,1.4210854715202038e-17,0.0295039080000001,2.627230152335683,1.8570621279492017,0.2835155136438391,0.27372060167681,1762.8161536300186,325.0051571139271,6335.403619889774,1717.5343561873606,0.0,0.0,16.097527322166368,0.0,6211.168099462733,1593.6234249621834,0.0,0.0,0.0,0.0,0.0,960.9254863084684,0.0,0.0,516.038649862584,70.38606541439087,7077.722898079025,648.7660329105328,0.0,0.0,0.0,0.0,5998.469875184616,40.56193268394328,0.0,0.0,0.0,0.0,0.0,0.0,0.0,0.0
116,3.1974423109204555e-17,0.0492708007319002,1.4210854715202038e-17,0.0289258610616186,2.098282691544917,2.3720272521591834,0.2833751949797381,0.213383787787375,1994.93206481872,477.277556010232,6225.48114471942,1679.6451353768607,0.0,0.0,78.18607883255768,0.0,6019.466976154653,1455.2792266661631,0.0,0.0,22.160866180232365,0.0,0.0,995.0946016548834,0.0,0.0,213.3591215946992,0.0,6044.425626354458,449.8722963900683,0.0,0.0,0.0,0.0,5175.607215282925,20.939833542384683,0.0,0.0,0.0,0.0,0.0,0.0,0.0,0.0
117,3.1974423109204555e-17,0.0427414999335551,1.4210854715202038e-17,0.0249497019269104,1.6595728869544977,2.91292115463274,0.2841419868345676,0.156536483761724,2249.8770666727028,595.478170058601,6102.635488832805,1646.7365739281988,0.0,0.0,168.6841343367973,0.0,5861.028941679437,1358.3448073426391,0.0,0.0,66.96937205949268,0.0,0.0,1048.9857399429156,0.0,0.0,0.0,0.0,6441.13324548,301.6563143337638,0.0,0.0,0.0,0.0,5582.036599711637,8.065354297729955,0.0,0.0,0.0,0.0,0.0,0.0,0.0,0.0
118,3.1974423109204555e-17,0.0350045388837212,1.4210854715202038e-17,0.0203917892292359,1.311086705169174,3.5595051789599648,0.27321384843746,0.1067071981347505,2447.870213176994,710.9473239767484,6087.976379197373,1667.6272797372771,0.0,0.0,232.98765788925343,0.0,5869.046184141893,1302.159983577375,0.0,0.0,113.01155557078124,0.0,0.0,1038.020910504294,0.0,0.0,0.0,0.0,6674.438641270453,186.29220055909684,0.0,0.0,0.0,0.0,5835.157185469031,0.0,0.0,0.0,0.0,0.0,0.0,0.0,0.0,0.0
119,3.1974423109204555e-17,0.0274339640930236,1.4210854715202038e-17,0.0159318961594685,1.0022638945485802,4.252693277824453,0.2438038247179171,0.0699931061330518,2947.9737042948723,1059.4390867819598,5984.521629467088,1605.4321358354778,0.0,0.0,359.971891356782,0.0,5682.050718903854,1094.611457468372,0.0,0.0,172.49362484193838,0.0,0.0,995.1760188780614,0.0,0.0,0.0,0.0,6533.7459449587,89.6515733638657,0.0,0.0,0.0,0.0,5769.106787541285,0.0,0.0,0.0,0.0,0.0,0.0,0.0,0.0,0.0
120,3.1974423109204555e-17,0.0189482648770769,1.4210854715202038e-17,0.0109328951362128,0.7005397045995332,5.0902636028250825,0.1994509978205832,0.0462020694611397,3504.222387274759,1471.7010293775202,5825.960101586607,1487.075793230688,0.0,0.0,495.050967046233,0.0,5398.04738136833,836.4661604307122,0.0,0.0,224.73807400137716,0.0,0.0,956.0995436207417,0.0,0.0,0.0,0.0,6291.285459305346,6.120215261996601,0.0,0.0,0.0,0.0,5641.332816444214,0.0,0.0,0.0,0.0,0.0,0.0,0.0,0.0,0.0
121,3.1974423109204555e-17,0.0096306343654489,1.4210854715202038e-17,0.005443795973422,0.4236968107281624,6.152978786260662,0.148250156890351,0.0330260573515725,4066.889564104674,1917.883959109316,5629.806492061426,1358.2646546396334,0.0,0.0,609.2470397751115,0.0,5088.845513820062,556.824426614576,0.0,0.0,249.11229540109312,0.0,0.0,919.8442646617262,0.0,0.0,0.0,0.0,6092.023184631571,0.0,0.0,0.0,0.0,0.0,5320.811446570419,0.0,0.0,0.0,0.0,0.0,0.0,0.0,0.0,0.0
122,3.1974423109204555e-17,0.0016542735457912,1.4210854715202038e-17,0.0008361896400678,0.2503614787209947,7.233612636580667,0.1007065188837066,0.0409263417852435,4248.272247197417,2085.4035600334523,5714.49430632122,1446.7839436750298,0.0,0.0,495.05376006828834,0.0,5037.923876915813,478.7850874679736,0.0,0.0,97.1927939088109,0.0,0.0,750.3899448555013,0.0,0.0,0.0,0.0,6095.644327786731,0.0,0.0,0.0,0.0,0.0,5350.019880243919,0.0,0.0,0.0,0.0,0.0,0.0,0.0,0.0,0.0
123,3.1974423109204555e-17,4.423128530106636e-16,1.4210854715202038e-17,1.4566126083082035e-16,0.150945995448898,8.277164016133632,0.0527051490803058,0.0515944860762158,4328.233240255651,2126.019812166193,5766.1936159232655,1526.4227471540582,0.0,0.0,410.9772345904142,0.0,5030.635533563055,445.06174806151085,0.0,0.0,15.033755416194822,0.0,0.0,639.5982207936006,0.0,0.0,0.0,0.0,6140.341740563145,0.0,0.0,0.0,0.0,0.0,5483.2047292167945,0.0,0.0,0.0,0.0,0.0,0.0,0.0,0.0,0.0
124,3.1974423109204555e-17,4.423128530106636e-16,1.4210854715202038e-17,1.4566126083082035e-16,0.0908056287203226,9.256579631052912,0.0206296435809738,0.059544141883788,3781.413170696857,1841.453142116348,5015.884060243065,1385.073073766306,0.0,0.0,293.31366377308046,0.0,4348.605796624018,367.9041589511256,0.0,0.0,0.0,0.0,0.0,472.2686206227995,0.0,0.0,0.0,0.0,6068.941563477623,0.0,0.0,0.0,0.0,0.0,5455.297675803933,0.0,0.0,0.0,0.0,0.0,0.0,0.0,0.0,0.0
125,3.1974423109204555e-17,4.423128530106636e-16,1.4210854715202038e-17,1.4566126083082035e-16,0.0720699610365474,10.214928754012542,0.0092047318091321,0.0720265330662324,3294.6482480388863,1579.3317985861622,4669.119596153334,1378.422573430827,0.0,0.0,218.22769470005125,0.0,4052.0023373392864,437.8690538254292,0.0,0.0,0.0,0.0,0.0,367.1365095800723,0.0,0.0,0.0,0.0,6003.930352761968,0.0,0.0,0.0,0.0,0.0,5425.086022231732,0.0,0.0,0.0,0.0,0.0,0.0,0.0,0.0,0.0
126,3.1974423109204555e-17,4.423128530106636e-16,1.4210854715202038e-17,1.4566126083082035e-16,0.0626388742547091,11.25985743655367,0.0056921398205833,0.098011482485049,3439.3029568771717,1595.2835451720514,5530.756020159759,1809.678199349561,0.0,0.0,152.5709999971057,0.0,4810.575471868694,716.0020069579724,0.0,0.0,0.0,0.0,0.0,294.67342692657365,0.0,0.0,0.0,0.0,5955.511916908554,0.0,0.0,0.0,0.0,0.0,5450.515528077805,0.0,0.0,0.0,0.0,0.0,0.0,0.0,0.0,0.0
127,3.1974423109204555e-17,4.423128530106636e-16,1.4210854715202038e-17,1.4566126083082035e-16,0.0599995440000025,12.17607308330976,0.0035497108106166,0.1304551327475076,3570.0167964044545,1609.7398796753685,6309.574639752649,2199.524586371409,0.0,0.0,93.17386450241554,0.0,5496.350036980515,967.4264612819746,0.0,0.0,0.0,0.0,0.0,229.1073973179699,0.0,0.0,0.0,0.0,5878.210323984898,0.0,0.0,0.0,0.0,0.0,5357.909196836867,0.0,0.0,0.0,0.0,0.0,0.0,0.0,0.0,0.0
128,3.1974423109204555e-17,4.423128530106636e-16,1.4210854715202038e-17,1.4566126083082035e-16,0.057461244052328,12.900553536553115,0.0015333070365302,0.1678287195498334,3392.1464766071167,1502.983474689674,6321.995886396446,2274.4385693151694,0.0,0.0,51.062353031685966,0.0,5511.542047082166,1048.0861568096443,0.0,0.0,0.0,0.0,0.0,173.60239629073638,0.0,0.0,0.0,0.0,5873.724067208336,0.0,0.0,0.0,0.0,0.0,5369.099361144965,0.0,0.0,0.0,0.0,0.0,0.0,0.0,0.0,0.0
129,3.1974423109204555e-17,4.423128530106636e-16,1.4210854715202038e-17,1.4566126083082035e-16,0.0478558181661153,13.623984229625306,6.301261792556067e-05,0.2035332270298998,2189.4650787755227,970.1191829849352,4080.53906967235,1468.0491859657695,0.0,0.0,32.965178754311765,0.0,3557.414008635267,676.4855810942233,0.0,0.0,0.0,0.0,0.0,112.06472852041624,0.0,0.0,0.0,0.0,5918.06425593642,0.0,0.0,0.0,0.0,0.0,5449.316096572423,0.0,0.0,0.0,0.0,0.0,0.0,0.0,0.0,0.0
130,3.1974423109204555e-17,4.423128530106636e-16,1.4210854715202038e-17,1.4566126083082035e-16,0.037689782471763,14.194094018576962,-1.46389567134975e-14,0.2369539828871753,1358.266336143968,611.8449388347161,2622.618221953485,955.0163178792958,0.0,0.0,16.954307955400978,0.0,2299.313982533001,466.0880477078281,0.0,0.0,0.0,0.0,0.0,91.6020361184498,0.0,0.0,0.0,0.0,5876.0534976966455,0.0,0.0,0.0,0.0,0.0,5402.163322171438,0.0,0.0,0.0,0.0,0.0,0.0,0.0,0.0,0.0
131,3.1974423109204555e-17,4.423128530106636e-16,1.4210854715202038e-17,1.4566126083082035e-16,0.0273244127441882,14.444436087847135,-1.46389567134975e-14,0.2617250364916932,2130.275460076036,1010.6897379658784,4576.128129080375,1722.44720752204,0.0,0.0,8.865790445465036,0.0,4075.085868976017,966.0303553164824,0.0,0.0,0.0,0.0,0.0,255.68048566061648,0.0,0.0,0.0,0.0,5758.79093632474,0.0,0.0,0.0,0.0,0.0,5359.145497529139,0.0,0.0,0.0,0.0,0.0,0.0,0.0,0.0,0.0
132,3.1974423109204555e-17,4.423128530106636e-16,1.4210854715202038e-17,1.4566126083082035e-16,0.0172580440664473,14.347199410630903,-1.46389567134975e-14,0.2711862585435767,2772.0215574890003,1243.5168278399274,6911.113498480675,2638.318184576576,0.0,0.0,1.7739561568219704,0.0,6174.383575234155,1537.2260624163823,0.0,0.0,0.0,0.0,0.0,225.9344006090734,0.0,0.0,0.0,0.0,6117.009225272334,42.33117220198351,0.0,0.0,0.0,0.0,5922.751578122055,86.70249606316794,0.0,0.0,0.0,0.0,0.0,73.02269259947165,0.0,0.0
133,3.1974423109204555e-17,4.423128530106636e-16,1.4210854715202038e-17,1.4566126083082035e-16,0.0075903434551518,14.064400509320883,-1.46389567134975e-14,0.2730025214144839,2568.214972071414,1003.7207395930944,7839.428267989398,2968.5384679826057,0.0,0.0,0.0,0.0,6987.579010852849,1749.3161741474917,0.0,0.0,0.0,0.0,0.0,12.30771795226702,0.0,0.0,0.0,0.0,6324.424823520001,160.47328425940643,0.0,0.0,0.0,0.0,6191.323373853413,243.03949720747767,0.0,0.0,0.0,0.0,0.0,187.37482243679509,0.0,0.0
134,3.1974423109204555e-17,4.423128530106636e-16,1.4210854715202038e-17,1.4566126083082035e-16,0.0012002195763165,13.548643373346838,-1.46389567134975e-14,0.266705221751807,2255.2423370671145,799.230062931802,7739.047629336424,2808.9762913380646,0.0,0.0,0.0,0.0,6928.09162145828,1680.80642270544,0.0,0.0,0.0,0.0,0.0,0.0,0.0,0.0,0.0,0.0,6424.308870993541,223.49448118203077,0.0,0.0,0.0,0.0,6290.555257829747,291.74390536194505,0.0,0.0,0.0,0.0,0.0,217.05164849167605,0.0,0.0
135,3.1974423109204555e-17,0.0020600245239277,1.4210854715202038e-17,1.4566126083082035e-16,0.0139023132757498,12.80112059007135,-1.46389567134975e-14,0.2547195043429698,1885.1499431650495,558.8064883077915,7465.500961529775,2536.804926274418,0.0,0.0,0.0,0.0,6737.302870535593,1546.5605401021926,0.0,0.0,0.0,0.0,0.0,0.0,0.0,0.0,5.617021276595745,0.0,6708.822545908988,446.6750847617668,0.0,0.0,0.0,0.0,6573.345386393648,447.2689108861277,0.0,0.0,0.0,0.0,0.0,311.78568880867954,0.0,0.0
136,3.1974423109204555e-17,0.0389842908250932,1.4210854715202038e-17,1.4566126083082035e-16,0.0828972779378565,11.79255382498647,-1.46389567134975e-14,0.2314638788172753,1512.6791547097953,361.1261631616316,7113.617193782608,2178.641609847925,0.0,0.0,0.0,0.0,6429.713116217905,1356.3537113663067,0.0,0.0,0.0,0.0,0.0,0.0,0.0,0.0,288.97799596228504,39.50625640639496,7041.210311332472,867.3964807444727,0.0,0.0392491825270394,0.0,0.0,6844.36525095244,803.8193112224432,0.0,0.0,0.0,0.0,21.05802939855396,881.0942286284516,0.0,0.0
137,3.1974423109204555e-17,0.0956650976013294,1.4210854715202038e-17,1.4566126083082035e-16,0.2082749027694884,10.641974765577514,-1.46389567134975e-14,0.2001280904183482,1050.7890475553204,164.81121816370097,6593.048539553115,1641.739760586839,0.0,0.0,0.0,0.0,5921.071613856087,1059.8817429023352,0.0,0.0,0.0,0.0,0.0,0.0,0.0,0.0,634.2537185345466,214.16180805025445,6999.588288289015,955.4519843470856,0.0,14.222282507046067,0.0,0.0,6822.247270253013,949.3597501789734,0.0,0.0,0.0,0.0,129.38396801697507,1251.109102811333,0.0,0.0
138,3.1974423109204555e-17,0.1468745873222596,1.4210854715202038e-17,1.4566126083082035e-16,0.3445880722223504,9.529254386026365,-1.46389567134975e-14,0.1622191894086368,571.7909263701052,2.589791810018823,5512.484923164338,1035.9649322170926,0.0,0.0,0.0,0.0,4914.642574298107,698.1900712608008,0.0,0.0,0.0,0.0,0.0,0.0,0.0,0.0,1089.2522329689248,690.8359231694378,6983.958430197282,1056.3752294146157,0.0,138.5841796183596,0.0,0.0,6831.290743910101,1084.4580019566663,0.0,0.0,0.0,0.0,403.45836902005135,1832.584301972821,0.0,0.0
139,3.1974423109204555e-17,0.1997359960664455,1.4210854715202038e-17,1.4566126083082035e-16,0.521324781808036,8.243440448237942,-1.46389567134975e-14,0.1224940581926902,155.52063346945724,0.0,2989.927954429807,368.44902343105736,0.0,0.0,0.0,0.0,2657.238101438939,233.6466740112584,0.0,0.0,0.0,0.0,0.0,0.0,0.0,0.0,1472.915080599627,1204.6696313290363,7090.209252653818,1156.5005740935014,0.0,274.9674200323206,0.0,0.0,6722.038159824447,1050.986789867322,0.0,0.0,0.0,0.0,388.48160294692894,1954.6421293851129,0.0,0.0
140,3.1974423109204555e-17,0.258654441229236,1.4210854715202038e-17,1.4566126083082035e-16,0.7940975409407128,6.763705837146124,9.247553129126444e-05,0.0794792342967025,3.557462899679209,0.0,3874.6941363794713,232.62105319765885,0.0,0.0,0.0,0.0,3531.4679807353514,205.24847355626497,0.0,0.0,0.0,0.0,0.0,0.0,0.0,0.0,1693.2426009765927,1799.741698187622,7533.4468825672275,1473.6190265406258,0.0,312.0089441304292,0.0,0.0,6866.472521237345,1123.3555001334307,0.0,0.0,0.0,0.0,287.38306343797683,1826.43513993148,0.0,0.0
141,3.1974423109204555e-17,0.3097422006919796,1.4210854715202038e-17,1.4566126083082035e-16,1.1375079171400122,5.494696930772609,0.0032737732026431,0.0481182236525863,0.0,0.0,4602.399783687217,119.1078353958269,0.0,0.0,0.0,0.0,4279.617128109835,194.3178543190201,0.0,0.0,0.0,0.0,0.0,0.0,0.0,0.0,1815.1908654040292,2050.087082176259,7613.830441574422,1542.478852055106,0.0,327.93343966924374,0.0,0.0,6832.293854137826,1055.7353289428725,0.0,0.0,0.0,0.0,251.6264633613024,1768.6016155787152,0.0,0.0
142,3.1974423109204555e-17,0.330980248410165,1.4210854715202038e-17,1.4566126083082035e-16,1.5328819657351196,4.528567940780408,0.0105691561626862,0.0315936205714279,0.0,0.0,4702.562114977383,56.71191440521498,0.0,0.0,0.0,0.0,4339.604268966431,128.58108145577708,0.0,0.0,0.0,0.0,0.0,0.0,0.0,0.0,1941.07476225664,2304.5483804782366,7687.920146501996,1607.5553392357483,0.0,344.4517060747536,0.2439812196543203,0.0,6790.903951525589,980.8769569687744,0.0,0.0,0.0,0.0,216.32055805505587,1710.5917245573023,0.0,0.0
143,3.1974423109204555e-17,0.3314850840000006,1.4210854715202038e-17,1.4566126083082035e-16,2.094892933744351,3.4489859274143564,0.0218969016131872,0.0196587755233368,0.0,0.0,4474.631068149535,4.940513217877461,0.0,0.0,0.0,0.0,4019.44153341781,11.164144001280995,0.0,0.0,0.0,0.0,0.0,0.0,0.0,0.0,2191.4632327370605,2821.4609016552854,7689.760275765579,1591.488477718104,0.0,451.3739993833563,78.89319097204523,0.0,6623.214285313734,938.7044395787176,0.0,89.884479957303,0.5577260414286963,0.0,315.663761171335,1873.6110949461488,0.0,0.0
144,3.1974423109204555e-17,0.3314850840000006,1.4210854715202038e-17,1.4566126083082035e-16,2.930146956904728,2.289228003404084,0.0379797228837062,0.0284402130273276,0.0,0.0,4400.854245979595,0.0,0.0,0.0,0.0,0.0,3895.854429421793,0.0,0.0,0.0,0.0,0.0,0.0,0.0,0.0,0.0,2288.5102257235926,2991.3464794742504,7761.261467624446,1674.9574578465297,0.0,465.22100627565936,141.0331882111477,0.0,6650.200081291103,1007.8861851428608,0.0,219.0667924610336,2.5740002847011176,0.0,407.0658035756522,1999.267725581387,0.0,0.0
145,3.1974423109204555e-17,0.3292160634642863,1.4210854715202038e-17,1.4566126083082035e-16,3.742630101002494,1.49748165191855,0.0535100852067959,0.0451727367757468,0.0,0.0,4310.242595224465,0.0,0.0,0.0,0.0,0.0,3731.530526425407,0.0,0.0,0.0,0.0,0.0,0.0,0.0,0.0,0.0,2368.6040324227056,3101.1046733645385,7906.122334026278,1824.354848628053,0.0,468.4934721709199,167.01305565816008,0.0,6768.612862753575,1038.3460182971833,0.0,189.92210804287544,0.0,0.0,393.9810574545932,1921.955557930845,0.0,0.0
146,3.1974423109204555e-17,0.2936134403305296,1.4210854715202038e-17,1.4566126083082035e-16,4.441259403556657,1.013933450277462,0.0802390461638362,0.0587939358750258,0.0,0.0,4297.99054753122,0.0,0.0,0.0,0.0,0.0,3704.9675560283945,0.0,0.0,0.0,0.0,0.0,0.0,0.0,0.0,0.0,2381.3579892728385,3100.70306553371,7940.51823919386,1845.9223779082731,0.0,470.0498658524121,163.9002682951758,0.0,6798.765576102914,1042.5147910781982,0.0,185.42614646825987,0.0,0.0,385.4946738181075,1892.0556143378803,0.0,0.0
147,3.1974423109204555e-17,0.2396744641196013,1.4210854715202038e-17,1.4566126083082035e-16,5.13937562848388,0.6618728940667837,0.1244319687402627,0.0762057303787368,0.0,0.0,4338.207309508818,0.0,0.0,0.0,0.0,0.0,3750.7592016431936,0.0,0.0,0.0,0.0,0.0,0.0,0.0,0.0,0.0,2405.511997880999,3099.930303216415,8005.702251980516,1886.803353313128,0.0,472.9910450765505,158.01790984689904,0.0,6855.89797226305,1050.417378931077,0.0,176.8998250717274,0.0,0.0,369.3914405650671,1835.397922947756,0.0,0.0
148,3.1974423109204555e-17,0.1873636950498341,1.4210854715202038e-17,1.4566126083082035e-16,5.765691439291155,0.4004581414756348,0.1646618550099518,0.0937730716744179,0.0,0.0,4410.6822346148965,0.0,0.0,0.0,0.0,0.0,3829.8586602173336,0.0,0.0,0.0,0.0,0.0,0.0,0.0,0.0,0.0,2470.441284163862,3097.841172926253,8180.959114437571,1996.7119471028443,0.0,480.8941307338364,142.21173853232725,0.0,7009.500254919521,1071.6529763471854,0.0,153.9940797499322,0.0,0.0,326.0822809639,1683.046805812497,0.0,0.0
149,3.1974423109204555e-17,0.1300971689102993,1.4210854715202038e-17,1.4566126083082035e-16,6.522713901366777,0.1917498949315081,0.2068048723554666,0.1094641607900326,0.0,0.0,4358.633533497338,0.0,0.0,0.0,0.0,0.0,3759.216561545735,0.0,0.0,0.0,0.0,0.0,0.0,0.0,0.0,0.0,2491.7841991679893,3094.345606883549,8259.446516679136,2046.16756047646,0.0,482.5166626702185,135.4535072995542,0.0,7081.242135552029,1086.1675604764598,0.0,144.84385922844407,0.0,0.0,311.3421115733392,1625.6543931164513,0.0,0.0
150,3.1974423109204555e-17,0.0739319221196015,1.4210854715202038e-17,1.4566126083082035e-16,7.232233549475082,0.0686007957664389,0.2532953092681386,0.1157743596677735,0.0,0.0,4358.086304546834,0.0,0.0,0.0,0.0,0.0,3758.704987192632,0.0,0.0,0.0,0.0,0.0,0.0,0.0,0.0,0.0,2490.949683468817,3093.820171072959,8261.316450005059,2047.38842603636,0.0,482.22303677606527,135.34532933855036,0.0,7083.4675107498215,1087.3884260363602,0.0,144.81295123958583,0.0,0.0,311.8057314062127,1626.1798289270412,0.0,0.0
151,3.1974423109204555e-17,0.0220756825696168,1.4210854715202038e-17,1.4566126083082035e-16,7.85893591101202,0.0209536610993124,0.3006353642623828,0.1188610119780122,0.0,0.0,4318.524069551073,0.0,0.0,0.0,0.0,0.0,3732.770876434143,0.0,0.0,0.0,0.0,0.0,0.0,0.0,0.0,0.0,2429.423746377281,3025.171653043686,8378.832187988053,2120.7331247299367,0.0,459.0753848802912,125.16332317788915,0.0,7226.014240838853,1174.6008069058275,0.0,142.88527338810428,0.0,0.0,342.88390917564783,1662.9581621072684,0.0,0.0
152,3.1974423109204555e-17,6.487573611816853e-05,1.4210854715202038e-17,1.4566126083082035e-16,8.339536516274322,0.0014563112263348,0.3385247681689455,0.1230492870213569,0.0,0.0,4211.534269264717,0.0,0.0,0.0,0.0,0.0,3562.11363033069,0.0,0.0,0.0,0.0,0.0,0.0,0.0,0.0,0.0,2243.817441225898,2497.6536820286447,8859.59131789888,2403.4048106395708,0.0,348.57759209840253,60.37971514678924,0.0,7787.772626956276,1545.0993965660143,0.0,89.71737836834376,0.0,0.0,413.1127381134716,1666.1778197474182,0.0,0.0
153,3.1974423109204555e-17,4.654054919228665e-16,1.4210854715202038e-17,1.4566126083082035e-16,8.700088603495919,-5.3335114102992385e-14,0.3543251549284054,0.1217551856384773,0.0,0.0,4152.609306066432,0.0,0.0,0.0,0.0,0.0,3474.9634927176016,0.0,0.0,0.0,0.0,0.0,0.0,0.0,0.0,0.0,2093.8000051885065,2149.971848907944,9434.163275799954,2751.8971135435054,0.0,247.5272469671504,10.435027001902904,0.0,8390.46624166431,1881.178413741811,0.0,21.159915864969776,0.0,0.0,417.5409770287466,1562.756109782096,0.0,0.0
154,3.1974423109204555e-17,4.654054919228665e-16,1.4210854715202038e-17,1.4566126083082035e-16,8.998154241831068,-5.3335114102992385e-14,0.3693919099335402,0.1112762598522867,0.0,0.0,4039.4804083085214,0.0,0.0,0.0,0.0,0.0,3301.1151981172147,0.0,0.0,0.0,0.0,0.0,0.0,0.0,0.0,0.0,1916.053793432538,1805.397999000168,10077.601003545396,3139.446985975876,0.0,147.82002095271451,0.0,0.0,9064.417581803837,2216.050158785558,0.0,0.0,0.0,0.0,359.9339065808774,1362.8782583724285,0.0,0.0
155,3.1974423109204555e-17,4.654054919228665e-16,1.4210854715202038e-17,1.4566126083082035e-16,9.099993257727563,-5.3335114102992385e-14,0.3928328456857949,0.0929744999999992,0.0,0.0,3968.103314432059,0.0,0.0,0.0,0.0,0.0,3184.1976317665963,0.0,0.0,0.0,0.0,0.0,0.0,0.0,0.0,0.0,1684.0995683763206,1448.8611928228484,10512.594693338298,3337.9563010145757,0.0,44.45301335593623,0.0,0.0,9508.480969415366,2349.3747752704285,0.0,0.0,0.0,0.0,254.80578933688463,1069.4128020900391,0.0,0.0
156,3.1974423109204555e-17,4.654054919228665e-16,1.4210854715202038e-17,1.4566126083082035e-16,9.010899069178622,-5.3335114102992385e-14,0.4532913151678875,0.0764617092389463,0.0,0.0,4475.720710737996,76.53796202123115,0.0,0.0,0.0,0.0,3735.243514876716,0.0,0.0,0.0,0.0,0.0,0.0,0.0,0.0,0.0,1320.5045253263693,920.6551857671956,11067.509569823427,3548.265427990212,0.0,0.0,0.0,0.0,10093.483101186384,2470.3993378478385,0.0,0.0,0.0,0.0,53.31890415924161,615.2523131363604,0.0,0.0
157,3.1974423109204555e-17,4.654054919228665e-16,1.4210854715202038e-17,1.4566126083082035e-16,8.75124860751249,2.254321331522379e-06,0.5239344919671125,0.0575490533023247,0.0,0.0,3919.070300162749,144.86147101182488,0.0,0.0,0.0,0.0,3371.3437032781776,1.6437723878258437,0.0,0.0,0.0,0.0,0.0,0.0,0.0,0.0,1181.4501898351627,757.9463166413583,11120.78401986297,3493.3453647628826,0.0,0.0,0.0,0.0,10235.407359699147,2424.499524650944,0.0,0.0,0.0,0.0,0.0,487.1738331837779,0.0,0.0
158,0.0026175897692308,4.654054919228665e-16,1.4210854715202038e-17,1.4566126083082035e-16,8.402616984151027,0.0029011940707363,0.6064445549302178,0.0351033822059793,0.0,0.0,1898.110716394412,70.17474863783187,0.0,0.0,0.0,0.0,1632.807884770502,47.16501568400679,0.0,0.0,0.0,0.0,0.0,0.0,0.0,0.0,914.6771135927694,446.79659046878527,10981.611570052522,3234.9587184410184,0.0,0.0,0.0,0.0,10232.411766311665,2201.299064394333,0.0,0.0,0.0,0.0,0.0,271.3916530937278,0.0,0.0
159,0.0105457587906977,4.654054919228665e-16,1.4210854715202038e-17,1.4566126083082035e-16,7.834421486180956,0.0232702375954127,0.6906154985241199,0.0175360651366029,0.0,0.0,689.2048718185193,25.473924562167905,0.0,0.0,0.0,0.0,592.8800111543509,50.177560873285785,0.0,0.0,0.0,0.0,0.0,0.0,0.0,0.0,705.1817245016509,203.1675899927301,10638.67943296986,2842.203847977171,0.0,0.0,0.0,0.0,9855.540698920442,1885.135602695552,0.0,0.0,0.0,0.0,0.0,122.82260971122366,0.0,0.0
160,0.017861400179402,0.0003153964897963,1.4210854715202038e-17,1.4566126083082035e-16,7.18333058044612,0.0588576682866101,0.7948956834190639,0.0098732123521589,0.0,0.0,63.01191089423754,2.3143196646603057,0.0,0.0,0.0,0.0,54.1799121840056,4.565999355115973,0.0,0.0,0.0,0.0,0.0,0.0,0.0,0.0,439.6128252794538,146.1375976784175,9092.80625141872,1583.624707910561,0.0,0.0,0.0,0.0,7981.334246259648,971.3135422183911,0.0,0.0,0.0,0.0,0.0,95.9333561564912,0.0,0.0
161,0.025098378757475,0.027218568019934,1.4210854715202038e-17,1.4566126083082035e-16,6.440127090465638,0.1284269144507107,0.9465778365679582,0.0056674289900325,269.49906667003,0.0,22.96274097925823,0.8741748086548949,0.0,0.0,0.0,0.0,19.801541104449665,1.6576308760315317,0.0,0.0,0.0,0.0,0.0,34.53868904976919,0.0,0.0,571.3529714579189,135.94435951857983,8484.351414699333,1363.2343492180055,0.0,0.0,0.0,0.0,7453.751979297945,746.6842237522322,0.0,0.0,0.0,0.0,0.0,102.17461445985664,0.0,0.0
162,0.0333579738737541,0.0780799046025979,1.4210854715202038e-17,0.0010634193611599,5.578979162919712,0.3188072298193365,1.1524748582185296,0.0011387200012074,645.7073935767814,0.0,1556.048995467684,338.8593960272757,0.0,0.0,0.0,0.0,1564.4434170942652,409.8765780031447,0.0,0.0,0.0,0.0,0.0,321.59699239527674,0.0,0.0,542.9855612717935,137.96618802709472,7657.428190595043,1073.6972461259354,0.0,0.0,0.0,0.0,6672.030491936379,544.3605474830047,0.0,0.0,0.0,0.0,0.0,124.38791837753688,0.0,0.0
163,0.0417748946112956,0.1334512523122929,1.4210854715202038e-17,0.0097508937408639,4.677839522335281,0.614673055584664,1.459886612777649,-6.270539643082874e-16,921.8196291122229,0.0,5450.187441893121,1186.906774740589,0.0,0.0,16.247186371298397,0.0,5614.003096555166,1534.3976312880889,0.0,0.0,29.63196632478744,0.0,382.6418912485709,1269.0505800584283,1.962622621784976,0.0,269.0606573643103,64.22655049299337,3813.427392938189,512.0560637396682,0.0,0.0,0.0,0.0,3302.336744301179,257.1974580322462,0.0,0.0,0.0,0.0,0.0,62.65402303965516,0.0,0.0
164,0.0471957585834451,0.1853551163720936,1.4210854715202038e-17,0.019291745421927,3.860436098043391,0.985542791482522,1.82971765526824,-6.270539643082874e-16,1068.719951051196,0.0,5500.965585729986,1248.5430178375177,0.0,0.0,146.22855461869952,0.0,5735.481545630362,1607.7911469855703,0.0,0.0,204.45461476813625,0.0,691.2604744194506,1765.0910246135602,23.442269496738515,0.0,145.30421757139356,11.86287993627193,2059.131300084101,276.45950622898266,0.0,0.0,0.0,0.0,1783.208880084033,138.91158209130649,0.0,0.0,0.0,0.0,0.0,46.57194505171667,0.0,0.0
165,0.0473550119999999,0.2377832618870438,1.4210854715202038e-17,0.0289289693421929,3.1671934943807307,1.5305343570242051,2.273643644596989,-6.270539643082875e-16,1269.5420096019309,98.54654863333356,5531.744019032167,1314.399977057785,0.0,0.0,214.7574170535579,0.0,5630.889588508474,1549.5707177806446,0.0,0.0,342.6704494545061,0.0,726.992742764872,1919.177436297306,102.94824658392815,0.0,108.14174137510518,0.0,1749.1873259316217,161.08924293250092,0.0,0.0,0.0,0.0,1475.0977903863172,34.72296378027004,0.0,0.0,0.0,0.0,0.0,32.93437012455536,0.0,0.0
166,0.0473550119999999,0.2900056554169442,1.4210854715202038e-17,0.0386625655016613,2.5682569562092903,2.195568672959249,2.7549780838629427,-6.270539643082875e-16,1477.988231698334,281.00919505895666,5508.724519697628,1334.8970394193702,0.0,0.0,234.29745397770844,0.0,5491.7035563370055,1417.8272299462844,0.0,0.0,394.25278019413344,0.0,666.2769957744425,1941.3519878911304,150.8798289423805,0.0,306.6418880337491,0.0,5414.638649584881,400.6754819839435,0.0,0.0,0.0,0.0,4475.62730847863,5.660219411290934,0.0,0.0,0.0,0.0,0.0,20.491607769257797,0.0,0.0
167,0.0473550119999999,0.3107285354551501,1.4210854715202038e-17,0.0473360670299006,2.1097949849814794,2.8572712905704263,3.191517182309432,-6.270539643082874e-16,1634.9175893900365,482.55815178992566,5416.007953829045,1303.9709149763537,0.0,0.0,223.96476150426787,0.0,5354.367391429156,1249.901735496272,0.0,0.0,365.44669842091366,0.0,537.4902755710905,1875.8021619814335,143.00397403959056,0.0,273.0087534384091,0.0,5062.937984521417,359.4632694108241,0.0,0.0,0.0,0.0,4126.163047491012,0.0,0.0,0.0,0.0,0.0,0.0,3.158334193758633,0.0,0.0
168,0.0454384399813952,0.3146839956076116,1.4210854715202038e-17,0.0559374129328906,1.6591725805547444,3.561523755789498,3.6484427095088967,-6.270539643082874e-16,1706.1493015569206,574.0456412308132,5373.925549904566,1289.9519505728697,0.0,0.0,219.2940841289706,0.0,5292.029210230674,1173.702368059712,0.0,0.0,352.34889229584155,0.0,479.05939163489984,1846.040319513837,139.4122331081117,0.0,210.53830478854664,0.0,3904.6269079770714,277.2358886972033,0.0,0.0,0.0,0.0,3182.159641672508,0.0,0.0,0.0,0.0,0.0,0.0,0.0,0.0,0.0
169,0.0372025672624584,0.3156174360000006,1.4210854715202038e-17,0.0580160880000003,1.269903541401744,4.34620843737987,4.094625603378725,-6.270539643082874e-16,2261.7027676686957,1109.9445016946931,5037.875944309807,1020.1636032962872,0.0,0.0,413.69672135168906,0.0,4845.57402499391,739.5443502141942,0.0,0.3370052380675674,461.953046195305,0.0,319.6524591598924,1867.1963212007709,142.76943596778125,0.0,91.48830081419162,0.0,2680.368420508269,121.42811529079482,0.0,0.0,0.0,0.0,2205.9432289015645,0.0,0.0,0.0,0.0,0.0,0.0,0.0,0.0,0.0
170,0.0288643093355481,0.3141989684300338,1.4210854715202038e-17,0.0580160880000003,1.0207766686054378,5.109999092379215,4.460940594822844,-6.270539643082874e-16,3079.923669023391,1756.4628087602086,4477.931036889414,548.9455240204132,0.0,0.0,800.2433853329426,0.0,4210.582196317386,197.7227898827731,0.0,64.17347512770208,732.9090593987371,0.0,220.63506036652012,1991.679827404984,186.53687080279693,0.0,67.68788597246372,0.0,5273.851512374161,92.17549022271884,0.0,0.0,0.0,0.0,4380.820200811714,0.0,0.0,0.0,0.0,0.0,0.0,0.0,0.0,0.0
171,0.0212340167043189,0.2821886244119608,1.4210854715202038e-17,0.0580160880000003,0.8217513097589485,5.734781320532075,4.749659261609375,-6.270539643082874e-16,2823.297875856144,1556.8498261645789,3665.048835605385,369.2312989814439,0.0,46.85144775257763,762.6404819319322,0.0,3461.8350588718317,81.13672785666803,0.0,106.66760674019534,686.8953838326553,0.0,153.98770433970776,1699.2585118334102,174.70243737691354,0.0,64.75627183453231,0.0,6382.227003273382,83.22142830935277,0.0,0.0,0.0,0.0,5222.874563309353,0.0,0.0,0.0,0.0,0.0,0.0,0.0,0.0,0.0
172,0.0136823868837209,0.2356005390941763,1.4210854715202038e-17,0.0569172124938643,0.6467245283427917,6.225724752164297,4.960823008564365,-6.270539643082874e-16,3209.2983326937706,1607.5464506527758,3888.588890007824,356.4295721363813,0.0,55.2802191955583,855.4797733290108,0.0,3648.007816569885,60.24624679617828,0.0,107.6761246191478,740.0268609475833,0.0,85.73442030970448,1780.419989658575,152.08858945255622,0.0,55.83607975890009,0.0,6617.151354986464,218.55822239364412,0.0,0.0,0.0,0.0,5453.068617881828,0.0,0.0,0.0,0.0,0.0,0.0,0.0,0.0,0.0
173,0.006524071116279,0.188457561149502,1.4210854715202038e-17,0.0494216611295683,0.5043640550317876,6.6439014646074455,5.019826958243937,-6.270539643082874e-16,3595.892951020677,1663.358265423297,4127.631931171007,356.4972260570483,0.0,60.88402961562739,948.0682058237032,0.0,3833.9026634303086,37.89375237652054,0.0,107.84258039953328,790.1944968838526,0.0,20.779021169493667,1857.020267076324,124.79454404353,0.0,42.60565349250125,0.0,6665.19942906696,236.50222964555567,0.0,0.0,0.0,0.0,5409.03530069551,0.0,0.0,0.0,0.0,0.0,0.0,0.0,0.0,0.0
174,0.000538536681599,0.1339322898139537,1.4210854715202038e-17,0.0393989482524919,0.3544274560760799,7.032970451392937,4.975665456695093,-6.270539643082874e-16,3699.706850324688,1694.825905467152,4260.853643582314,439.1873918504143,0.0,49.38569523587069,970.4128376720682,0.0,3853.9326581347673,23.29042683419069,0.0,102.40448039542936,780.4772831290395,0.0,17.45525519168576,1833.4006298873016,82.82850046840693,0.0,28.258704340918207,0.0,6668.889046792622,231.65171391424963,0.0,0.0,0.0,0.0,5343.370423242621,0.0,0.0,0.0,0.0,0.0,0.0,0.0,0.0,0.0
175,3.5527136788005e-17,0.0741642039269105,1.4210854715202038e-17,0.0284125129833888,0.2145235590068886,7.304660402490102,4.899458146887541,-6.270539643082874e-16,3764.014892312748,1713.3519268687278,4304.703853737456,503.18837369498726,0.0,31.73481382239187,997.3110385752926,0.0,3915.4944481660314,64.40274337066154,0.0,116.43866755984732,794.3519268687277,0.0,19.807261393665087,1862.530372355216,80.73977792664121,0.0,18.89513204761088,0.0,6593.582117607079,177.5878839341617,0.0,0.0,0.0,0.0,5218.184780818297,0.0,0.0,0.0,0.0,0.0,0.0,0.0,0.0,0.0
176,3.5527136788004985e-17,0.0237108656212628,1.4210854715202038e-17,0.0189680335415283,0.1153663444610607,7.457730401372465,4.718039613896564,-6.270539643082874e-16,3770.0,1715.0,4308.0,509.0,0.0,30.0,1000.0,0.0,3922.0,69.0,0.0,118.0,796.0,0.0,20.701302272958607,1866.0,81.0,0.0,15.681063310862124,0.0,6560.208896744677,154.10176216929352,0.0,0.0,0.0,0.0,5167.297881155766,0.0,0.0,0.0,0.0,0.0,0.0,0.0,0.0,0.0
177,3.5527136788004985e-17,0.0049322817807312,1.4210854715202038e-17,0.0107763932093025,0.0669763407646196,7.56632165547042,4.463215219173003,0.0001189921533344,3798.381148154868,1717.3203017158392,4405.791327924309,600.4815913162953,0.0,43.24223151185569,993.4627114371648,0.0,3990.547202937597,129.1289729060849,0.0,98.44803188012992,772.4428533254751,0.0,8.84766865136324,1818.9014503134297,29.881606904060945,0.0,1.4606754707352214,0.0,6408.905171692941,49.241811249909865,0.0,0.0,0.0,0.0,4938.354059345012,0.0,0.0,0.0,0.0,0.0,0.0,0.0,0.0,0.0
178,3.5527136788004985e-17,0.000913594707167,1.4210854715202038e-17,0.0020313871665877,0.0368196866710851,7.788232297019397,4.1486830653516735,0.0037321591096339,3867.5522285181896,1714.1678252486804,4697.90728535399,874.7770623324893,0.0,75.59362763929165,966.390478626857,0.0,4198.7071970668085,316.94193883228604,0.0,44.75871692720181,698.6782566924255,0.0,0.0,1679.5979161654486,0.0,0.0,0.0,0.0,6299.824352248121,13.624194366498676,0.0,0.0,0.0,0.0,4814.952307749702,0.0,0.0,0.0,0.0,0.0,0.0,0.0,0.0,0.0
179,3.5527136788004985e-17,4.209965709378609e-16,1.4210854715202038e-17,1.5099033134902103e-16,0.0109470009019823,8.08464018788117,3.928698330759954,0.0087150980930226,3755.65645463396,1556.1165636834949,5228.95356674912,1407.3160489049087,0.0,34.23349201206374,801.41743606383,0.0,4619.786202768084,788.3704708358415,0.0,9.202551616146168,503.591678724808,0.0,0.0,1424.9762384048995,0.0,0.0,0.0,0.0,6005.086150440196,0.0,0.0,0.0,0.0,0.0,4545.398608031909,0.0,0.0,0.0,0.0,0.0,0.0,0.0,0.0,0.0
180,3.5527136788005e-17,4.20996570937861e-16,1.4210854715202038e-17,0.0021363621842577,0.0002807530518673,8.350679047657493,3.707425579954241,0.0132042323122917,2706.7297630626144,1079.4794527954668,4123.669859029015,1275.6328381531762,0.0,0.0,507.1306439133232,0.0,3630.821462406695,792.0156947045077,0.0,0.0,175.89162767991365,0.0,0.0,947.1194959963408,0.0,0.0,0.0,0.0,5601.522551058175,0.0,0.0,0.0,0.0,0.0,4193.874100353624,0.0,0.0,0.0,0.0,0.0,0.0,0.0,0.0,0.0
181,3.5527136788004985e-17,4.209965709378609e-16,1.4210854715202038e-17,0.0099856466312293,0.0056606213984646,8.593783193672794,3.376063863440282,0.0178280405581389,1913.122040366056,841.8361652619251,4161.547205815126,1584.3029288306736,0.0,0.0,151.89900608375376,0.0,3684.0752084987216,990.7850567879168,0.0,0.0,0.0,0.0,0.0,473.8261826233339,0.0,0.0,0.0,0.0,5365.102586705725,0.0,0.0,0.0,0.0,0.0,4093.272499332919,0.0,0.0,0.0,0.0,0.0,0.0,0.0,0.0,0.0
182,3.5527136788004985e-17,4.209965709378609e-16,1.4210854715202038e-17,0.0173778915946845,0.0155797668239092,8.688523516704253,3.1093252924499173,0.0220029353820591,1938.2491340609988,999.3918781311106,6392.664457889514,2782.692549443003,0.0,0.0,0.0,0.0,5681.359395075315,1746.3236608155587,0.0,0.0,0.0,0.0,0.0,149.51234250109042,0.0,0.0,0.0,0.0,4448.959421461476,0.0,0.0,0.0,0.0,0.0,3535.773675140376,0.0,0.0,0.0,0.0,0.0,0.0,0.0,0.0,0.0
183,3.5527136788004985e-17,4.209965709378609e-16,1.4210854715202038e-17,0.0250880825780732,0.0262130244191976,8.57659845546716,2.913542099319349,0.0260270342344904,1619.0,1151.0,7529.0,3241.0,0.0,0.0,0.0,0.0,6664.0,2019.0,0.0,0.0,0.0,0.0,0.0,0.0,0.0,0.0,43.40666698470001,0.0,3090.834809083476,0.0,0.0,0.0,0.0,0.0,2456.464540180369,0.0,0.0,0.0,0.0,0.0,0.0,0.0,0.0,0.0
184,3.5527136788004985e-17,4.209965709378609e-16,1.4210854715202038e-17,0.0336726251162791,0.0414859255370039,8.263639859624577,2.668810326223769,0.0270245879999993,1422.3858351603385,1098.0399555987444,7020.252573470438,2734.238575135485,0.0,0.0,0.0,0.0,6241.643645899986,1730.3677580131564,0.0,0.0,0.0,0.0,0.0,0.0,0.0,0.0,254.7560370000813,0.0,2035.224451617053,0.0,0.0,0.0,0.0,0.0,1668.9708091389368,0.0,0.0,0.0,0.0,0.0,0.0,0.0,0.0,0.0
185,3.5527136788004985e-17,4.209965709378609e-16,1.4210854715202038e-17,0.0419392216345515,0.0656681116263324,7.73683381328271,2.3254079942450536,0.0270245879999993,883.3511025854455,757.0774474803314,5678.171526800957,1357.874888775298,0.0,0.0,0.0,0.0,5035.904628732772,888.3122386713793,0.0,0.0,0.0,0.0,0.0,0.0,0.0,0.0,483.3599488427516,0.0,3281.324023011064,0.0,0.0,0.0,0.0,0.0,2822.722972003629,0.0,0.0,0.0,0.0,0.0,0.0,0.0,0.0,0.0
186,3.5527136788004985e-17,0.0002396424802435,1.4210854715202038e-17,0.0506073779122075,0.1267023827395096,7.07693062945126,2.0308157789119807,0.0270245879999993,677.368402795067,328.39985068263854,5071.707399871368,876.1554339778065,0.0,0.0,0.0,0.0,4391.772289450079,461.657893933244,0.0,0.0,0.0,0.0,0.0,0.0,0.0,0.0,694.1177751398325,34.725819076803845,4431.813373425768,55.37527934926041,0.0,2.108353301091662,0.0,0.0,3887.750971428714,32.98952812296365,0.0,0.0,0.0,0.0,0.0,36.40009963943546,0.0,0.0
187,3.5527136788004985e-17,0.0033919944625611,1.4210854715202038e-17,0.0743006520644007,0.1987532442228359,6.414526610441021,1.8294858772041744,0.0268878547375409,664.2547601874539,300.54899877929284,5006.103870643071,843.0606121028741,0.0,0.0,0.0,0.0,4327.654962371037,434.9049143920486,0.0,0.0,0.0,0.0,0.0,0.0,0.0,0.0,705.3490971457255,45.29835071436087,4493.115481938478,72.23469140700759,0.0,2.7502570076576243,0.0,0.0,3944.500089493172,43.03343317864282,0.0,0.0,0.0,0.0,0.0,47.48237833808898,0.0,0.0
188,3.5527136788004985e-17,0.0113517437142861,1.4210854715202038e-17,0.1092436989966778,0.3327051736323258,5.614007575904689,1.6121921073687533,0.0249130475282385,303.7884949057828,3.206918171494213,2900.910957739688,409.80059650091033,0.0,0.0,0.0,0.0,2460.0004163572967,122.300792134137,0.0,0.0,0.0,0.0,0.0,0.0,0.0,0.0,1161.2754568672176,571.0385751566109,6899.7326238363885,913.6409034606882,0.0,35.547279668460845,0.0,0.0,6168.970233437117,544.006070755059,0.0,0.0,0.0,0.0,0.0,579.065562032213,0.0,0.0
189,3.5527136788004985e-17,0.021542078392027,1.4210854715202038e-17,0.1504090597873756,0.5981444040992941,4.615310625527442,1.292601966051813,0.022514636778012,34.7608928981753,0.0,3263.2239317075355,310.32891728678754,0.0,0.0,0.0,0.0,2798.174880981122,13.78485992156,0.0,0.0,0.0,0.0,0.0,0.0,0.0,0.0,1563.4020950538468,953.213139273149,7469.859424152521,1341.8368649944512,0.0,159.5534781296348,0.0,0.0,6644.129298697939,777.927766310236,0.0,0.0,0.0,0.0,0.0,682.8800226035682,0.0,0.0
190,3.5527136788004985e-17,0.0314519451428576,1.4210854715202038e-17,0.1884895640977139,0.9403468507609816,3.57461569389479,1.0143808867539446,0.0217982473355475,0.0,0.0,3781.0111207146656,206.64260231881485,0.0,0.0,0.0,0.0,3271.3902607972163,0.0,0.0,0.0,0.0,0.0,0.0,0.0,0.0,0.0,1970.272480809236,1714.6435078571142,8243.498742619053,1901.400618755477,0.0,294.5540042436649,0.0,0.0,7293.508617354126,1244.9051389888505,0.0,0.0,0.0,0.0,68.60119180855087,1215.663767759399,0.0,0.0
191,3.5527136788004985e-17,0.0390245791694356,1.4210854715202038e-17,0.213033717687708,1.2710780363920156,2.7945118056716898,0.853979506796,0.0215980896079727,0.0,0.0,4129.605690567284,69.67842528138694,0.0,0.0,0.0,0.0,3484.769555585731,0.0,0.0,0.0,0.0,0.0,0.0,0.0,0.0,0.0,1820.7685636203664,1804.1106490203272,8940.17531467532,2369.4803629879507,0.0,206.80188208827457,0.0,0.0,7944.180770572176,1645.357154089024,0.0,0.0,0.0,0.0,213.0835589431572,1414.847571027668,0.0,0.0
192,3.5527136788004985e-17,0.0476837444935932,1.4210854715202038e-17,0.2399892853308023,1.695354962900796,2.024209663971454,0.6895452542249507,0.0213682788837202,0.0,0.0,4209.187319328929,0.0,0.0,0.0,0.0,0.0,3397.773302504636,0.0,0.0,0.0,0.0,0.0,0.0,0.0,0.0,0.0,1740.217839350919,1904.8872213293664,9392.27005323892,2667.04411778454,0.0,173.04061198653616,0.0,0.0,8319.600342979242,1846.8021134451783,0.0,0.0,0.0,0.0,318.3103369442253,1490.1089445914004,0.0,0.0
193,3.5527136788004985e-17,0.0553926214883724,1.4210854715202038e-17,0.2495354763431186,2.38167731353302,1.2235985947825674,0.4748568503253501,0.0213941644914758,0.0,0.0,4201.223996055056,0.0,0.0,0.0,0.0,0.0,3368.9518935039896,0.0,0.0,0.0,0.0,0.0,0.0,0.0,0.0,0.0,1722.2573329385475,1936.5726644157075,9365.84948939511,2626.876026754627,0.0,169.9582659270625,0.0,0.0,8283.464903306745,1845.8163015735952,0.0,0.0,0.0,0.0,326.7221072683434,1535.1124512930626,0.0,0.0
194,3.5527136788004985e-17,0.0562805640000003,1.4210854715202038e-17,0.2414524083787375,3.097747248518259,0.737389054639246,0.3494001854698696,0.0233315543720923,0.0,0.0,3733.81631075424,0.0,0.0,0.0,0.0,0.0,3000.261930648583,0.0,0.0,0.0,0.0,0.0,0.0,0.0,0.0,0.0,1726.3361632519795,2162.616260013571,9316.442262334573,2593.2607048482296,0.0,137.2509168075001,0.0,0.0,8196.43269964119,1781.4416120536655,0.0,0.0,0.0,0.0,305.40877801066773,1514.3968160568943,0.0,0.0
195,3.5527136788004985e-17,0.0562805640000003,1.4210854715202038e-17,0.2337422173953487,3.818904122305244,0.4695418779244925,0.2952368312479829,0.0251786889568099,0.0,0.0,2304.369942492632,0.0,0.0,0.0,0.0,0.0,1858.3053281117527,0.0,0.0,0.0,0.0,0.0,0.0,0.0,0.0,0.0,1701.455155395858,2284.629699059308,9319.37030094069,2611.514948201381,0.0,106.99421147401992,0.0,0.0,8127.478309499777,1730.6952803908114,0.0,0.0,0.0,0.0,322.9575727724172,1509.054004279543,0.0,0.0
196,3.5527136788004985e-17,0.0560314691373855,1.4210854715202038e-17,0.2246768311659174,4.576515737712709,0.317096031965533,0.2419505577267793,0.0255369959999993,0.0,0.0,3208.083785584326,0.0,0.0,0.0,0.0,0.0,2609.8805491472176,0.0,0.0,0.0,0.0,0.0,0.0,0.0,0.0,0.0,1547.3843144252896,2119.949019984658,9476.99215648593,2691.9895422503937,0.0,17.157734695250785,0.0,0.0,8356.576905056052,1894.8082778203936,0.0,0.0,0.0,0.0,401.1568622067907,1545.2335507556488,0.0,0.0
197,3.5527136788004985e-17,0.0521284434486467,1.4210854715202038e-17,0.1971861538095709,5.324866969537842,0.2235860660331507,0.2210846464889946,0.0254659129299491,0.0,0.0,4135.389486344307,1.1641981805879256,0.0,0.0,0.0,0.0,3409.5816027274564,0.0,0.0,0.0,0.0,0.0,0.0,0.0,0.0,0.0,1526.3580181941209,2090.4836591233743,9498.123682429892,2701.3400383429816,0.0,11.486542365235696,0.0,0.0,8377.186734080145,1905.7278550484923,0.0,0.0,0.0,0.0,406.4343846327344,1544.1292722351704,0.0,0.0
